Name,Original Row Sort,Snowball,Smokey,Spots,Shadow,Sunny,Fred,Pumpkin,Callie,Tabitha,Bandit,Gabriel,Marshmallow,Socks,Lexy,Bolt,Breezy,Misty,Pickles,Pepper,Patches,Gozer,Cocoa,Princess,Ginger,Peaches,Spud,Mack,Speckles,Willie,Rascal,Dottie,Spooky,Apricot,Ganache,Pasty,Chip,Macchiato,Melange,Chocola,Willow,Sooty,Quicksilver,Maple,Caramel,Joe DiMeowgio,Senor Don Gato,Xerxes IX,Chairman Meow,Saint Purrtrick,Ms. Fortune,Bob the Cat,Conductor Whiskers,Tubbs,Mr. Meowgi,Lady Meow-Meow,Guy Furry,Kathmandu,Ramses the Great,Sassy Fran,Billy the Kitten,Frosty,Sapphire,Jeeves,Bengal Jack,Whiteshadow,Hermeowne,Kitty Hawks
Cat Index,1,0,1,2,3,4,5,6,7,8,9,10,11,12,13,14,15,16,17,18,19,20,21,22,23,24,25,26,27,28,29,30,31,32,33,34,35,36,37,38,39,40,41,42,43,45,50,47,54,48,46,49,51,52,53,55,56,57,58,59,60,61,62,63,64,65,66,44
Power Level,2,80,140,75,50,120,150,90,50,40,180,150,170,70,100,140,30,160,0,165,80,155,45,125,60,45,80,130,40,75,140,195,35,10,90,45,60,115,15,155,80,65,105,99,205,28,30,70,111,222,20,40,50,130,250,100,30,150,230,180,250,5,20,210,66,195,200,100
Regular?,3,TRUE,TRUE,TRUE,TRUE,TRUE,TRUE,TRUE,TRUE,TRUE,TRUE,TRUE,TRUE,TRUE,TRUE,TRUE,TRUE,TRUE,TRUE,TRUE,TRUE,TRUE,TRUE,TRUE,TRUE,TRUE,TRUE,TRUE,TRUE,TRUE,TRUE,TRUE,TRUE,TRUE,TRUE,TRUE,TRUE,TRUE,TRUE,TRUE,TRUE,TRUE,TRUE,TRUE,TRUE,FALSE,FALSE,FALSE,FALSE,FALSE,FALSE,FALSE,FALSE,FALSE,FALSE,FALSE,FALSE,FALSE,FALSE,FALSE,FALSE,FALSE,FALSE,FALSE,FALSE,FALSE,FALSE,FALSE
Fish Gift Factor,4,90,120,85,130,70,300,100,75,95,80,110,150,90,350,230,85,190,200,140,180,115,100,70,125,400,75,105,140,95,70,95,130,120,75,58,70,90,60,160,65,255,120,130,80,400,300,950,250,700,1400,200,500,900,80,900,150,630,400,290,77,350,15,1200,200,450,400,500
,5,,,,,,,,,,,,,,,,,,,,,,,,,,,,,,,,,,,,,,,,,,,,,,,,,,,,,,,,,,,,,,,,,,,
Food: Thrifty Bitz,6,10,9,8,8,10,7,10,5,4,3,5,3,2,0,3,7,2,2,0,4,3,2,7,0,1,0,3,10,3,0,10,20,8,1,7,2,1,4,1,10,3,10,3,10,5,5,5,5,5,5,5,5,0,5,0,0,0,5,0,5,0,0,0,0,0,1,5
Food: Frisky Bitz,7,22,21,21,20,22,19,24,15,15,14,15,13,11,18,12,19,10,10,5,18,9,11,11,5,2,24,12,12,12,0,15,10,10,4,10,3,1,14,1,20,6,15,3,12,5,5,5,5,5,5,5,5,1,5,0,1,0,5,0,5,1,0,0,0,0,0,5
Food: Ritzy Bitz,8,45,50,48,48,48,48,48,48,43,40,48,48,48,53,48,40,43,48,13,42,42,42,40,10,7,5,42,42,42,20,48,5,10,35,48,30,40,40,40,45,12,30,3,40,5,5,5,5,5,5,5,5,1,5,3,5,1,1,5,5,3,0,0,1,1,1,5
Food: Sashimi,9,30,30,10,30,10,30,10,10,10,30,10,30,10,30,30,10,10,10,50,10,30,10,10,20,7,0,20,30,20,50,20,3,15,5,10,20,30,5,30,30,12,5,3,30,15,15,15,15,15,15,15,15,1,15,10,15,18,0,5,0,15,0,0,0,3,1,2
Food: Deluxe Tuna Bitz,10,60,60,60,60,60,60,60,60,60,60,60,60,60,65,60,60,60,60,50,60,60,60,60,30,12,30,60,60,60,50,60,1,12,60,60,50,60,60,60,60,12,70,3,60,6,6,6,6,6,6,6,6,0,10,6,6,5,1,7,10,7,3,0,1,2,1,6
Food: Bonito Bitz,11,48,52,50,50,50,50,50,50,45,42,50,50,50,55,50,42,45,50,15,45,45,45,42,10,5,10,42,42,42,30,50,1,10,15,45,60,55,35,20,50,12,60,3,50,5,5,5,5,5,5,5,5,0,5,3,5,1,1,7,5,5,1,0,1,2,10,7
,12,,,,,,,,,,,,,,,,,,,,,,,,,,,,,,,,,,,,,,,,,,,,,,,,,,,,,,,,,,,,,,,,,,,
unk1,13,92,95,50,30,70,90,90,100,95,100,85,85,70,80,20,100,70,30,90,95,95,70,100,80,65,60,100,100,70,90,100,85,100,75,20,95,85,100,90,100,100,100,100,100,50,50,40,0,60,50,70,10,0,70,50,20,60,70,20,60,0,20,0,70,0,0,50
unk2,14,3,1,5,4,20,0,2,0,0,0,0,1,0,0,5,3,7,15,1,0,3,0,15,8,1,0,3,6,0,2,3,5,30,0,38,3,1,3,20,3,10,10,5,30,0,0,0,0,0,0,0,0,0,0,0,0,0,0,0,0,0,0,0,0,0,0,0
unk3,15,5,2,3,3,4,3,4,5,6,1,4,5,3,2,5,2,2,1,1,2,2,2,3,3,10,7,4,2,1,3,3,2,2,2,2,2,1,4,4,12,2,2,5,3,0,0,0,0,0,0,0,0,0,0,0,0,0,0,0,0,0,0,0,0,0,0,0
unk4,16,50,1,1,1,1,1,1,10,5,1,1,1,1,1,2,5,5,5,10,10,10,10,10,10,10,10,10,10,10,10,10,10,5,5,5,5,1,1,1,1,1,10,1,1,0,0,0,0,0,0,0,0,0,0,0,0,0,0,0,0,0,0,0,0,0,0,0
unk5,17,1,1,1,1,1,1,1,1,1,1,1,1,1,1,1,5,5,5,1,1,1,1,1,1,1,1,1,1,1,1,1,1,5,5,5,5,1,1,1,1,1,1,1,1,0,0,0,0,0,0,0,0,0,0,0,0,0,0,0,0,0,0,0,0,0,0,0
unk6,18,1,1,1,1,1,1,1,1,1,1,1,1,1,1,1,5,5,5,1,1,1,1,1,1,1,1,1,1,1,1,1,1,5,5,5,5,1,1,1,1,1,1,1,1,0,0,0,0,0,0,0,0,0,0,0,0,0,0,0,0,0,0,0,0,0,0,0
unk7,19,1,1,1,1,1,1,1,1,1,1,1,1,1,1,1,5,5,5,1,1,1,1,1,1,1,1,1,1,1,1,1,1,5,5,5,5,1,1,1,1,1,1,1,1,0,0,0,0,0,0,0,0,0,0,0,0,0,0,0,0,0,0,0,0,0,0,0
unk8,20,1,1,1,1,1,1,1,1,1,1,1,1,1,1,1,5,5,5,1,1,1,1,1,1,1,1,1,1,1,1,1,1,5,5,5,5,1,1,1,1,1,1,1,1,0,0,0,0,0,0,0,0,0,0,0,0,0,0,0,0,0,0,0,0,0,0,0
,21,,,,,,,,,,,,,,,,,,,,,,,,,,,,,,,,,,,,,,,,,,,,,,,,,,,,,,,,,,,,,,,,,,,
Frisky Bitz (Tubbs/Whiteshadow),22,0,0,0,0,0,0,0,0,0,0,0,0,0,0,0,0,0,0,0,0,0,0,0,0,0,0,0,0,0,0,0,0,0,0,0,0,0,0,0,0,0,0,0,0,0,0,0,0,0,0,0,0,80,0,0,0,0,0,0,0,0,0,0,0,2,0,0
Ritzy Bitz  (Tubbs/Whiteshadow),23,0,0,0,0,0,0,0,0,0,0,0,0,0,0,0,0,0,0,0,0,0,0,0,0,0,0,0,0,0,0,0,0,0,0,0,0,0,0,0,0,0,0,0,0,0,0,0,0,0,0,0,0,60,0,0,0,0,0,0,0,0,0,0,0,1,0,0
Sashimi  (Tubbs/Whiteshadow),24,0,0,0,0,0,0,0,0,0,0,0,0,0,0,0,0,0,0,0,0,0,0,0,0,0,0,0,0,0,0,0,0,0,0,0,0,0,0,0,0,0,0,0,0,0,0,0,0,0,0,0,0,50,0,0,0,0,0,0,0,0,0,0,0,3,0,0
Deluxe Tuna Bitz  (Tubbs/Whiteshadow),25,0,0,0,0,0,0,0,0,0,0,0,0,0,0,0,0,0,0,0,0,0,0,0,0,0,0,0,0,0,0,0,0,0,0,0,0,0,0,0,0,0,0,0,0,0,0,0,0,0,0,0,0,0,0,0,0,0,0,0,0,0,0,0,0,10,0,0
Bonito Bitz  (Tubbs/Whiteshadow),26,0,0,0,0,0,0,0,0,0,0,0,0,0,0,0,0,0,0,0,0,0,0,0,0,0,0,0,0,0,0,0,0,0,0,0,0,0,0,0,0,0,0,0,0,0,0,0,0,0,0,0,0,0,0,0,0,0,0,0,0,0,0,0,0,10,0,0
,27,,,,,,,,,,,,,,,,,,,,,,,,,,,,,,,,,,,,,,,,,,,,,,,,,,,,,,,,,,,,,,,,,,,
Baseball,28,0,0,10,0,100,0,50,0,0,0,0,0,0,50,0,0,0,0,0,0,50,0,0,0,1,0,30,0,0,0,0,0,0,0,0,0,0,0,0,0,3,0,0,0,75,0,0,0,0,0,0,0,0,0,0,0,0,0,0,0,0,0,0,0,0,0,75
Rubber Ball (Red),29,200,7,15,10,0,0,80,0,50,0,0,0,50,0,0,0,0,0,0,0,0,30,0,0,1,0,20,0,0,30,0,0,0,0,0,0,0,0,0,15,3,0,20,0,0,0,0,0,0,0,0,0,0,0,0,0,0,0,0,0,0,0,0,0,0,0,0
Ping-Pong Ball,30,0,0,6,10,0,0,0,0,0,0,0,50,0,0,0,0,0,50,0,0,0,30,0,0,1,0,10,10,30,0,0,0,0,20,0,0,0,0,0,0,3,0,0,0,0,0,0,0,0,0,0,0,0,0,0,0,0,0,0,0,0,0,0,0,0,0,0
Soccer Ball,31,0,0,0,0,100,100,0,0,0,0,50,0,0,0,0,0,0,0,0,0,50,0,0,0,1,0,20,0,0,0,0,0,0,0,0,0,0,0,0,0,3,0,0,40,0,0,0,0,0,0,0,0,0,0,0,0,0,0,0,0,0,0,0,0,0,0,0
Ball of Yarn,32,20,0,0,50,0,0,0,30,0,0,0,0,0,0,0,0,0,0,0,20,0,0,30,20,1,0,5,0,0,0,0,50,0,0,0,0,0,0,0,0,3,30,0,10,0,0,0,0,0,0,0,0,0,0,0,0,0,0,0,0,0,0,0,0,0,0,0
Stress Reliever,33,0,20,0,50,0,0,0,0,30,0,0,0,0,0,0,0,0,0,0,0,0,0,0,0,1,0,15,10,0,0,0,0,30,0,0,0,0,0,0,0,3,0,0,0,0,0,0,0,0,0,0,0,0,0,0,0,0,0,0,0,0,0,0,0,0,0,0
Rubber Ball (Yellow),34,5,0,15,10,0,0,40,0,30,0,0,0,60,0,0,15,0,0,0,0,0,30,0,0,1,0,0,0,0,0,0,0,0,0,0,0,0,0,0,10,3,0,20,0,0,0,0,0,0,0,0,0,0,0,0,0,0,0,0,0,0,0,0,0,0,0,0
Rubber Ball (Blue),35,5,0,15,10,0,5,40,0,30,0,0,0,40,0,0,0,15,0,0,0,0,30,0,0,1,0,0,0,0,0,0,0,0,0,0,0,0,0,0,10,3,0,20,0,0,0,0,0,0,0,0,0,0,0,0,0,0,0,0,0,0,0,0,0,0,0,0
Temari Ball,36,10,10,0,0,0,0,0,0,0,0,0,50,0,70,0,0,0,0,0,20,0,0,0,0,1,10,0,0,0,0,50,0,0,0,0,0,0,0,0,0,3,0,0,5,0,0,0,0,0,0,0,0,0,0,0,0,100,0,0,0,0,0,0,0,0,0,0
Watermelon Ball,37,0,0,15,10,0,10,30,0,40,0,0,0,30,0,20,0,0,0,0,0,0,20,0,0,1,0,0,0,0,0,0,0,0,0,0,0,0,0,0,0,3,0,0,15,0,0,0,0,0,0,0,0,0,0,0,0,0,0,0,0,0,0,0,0,0,0,0
Toy Capsule,38,20,0,5,10,0,0,0,0,0,0,0,50,0,0,0,0,0,50,0,0,0,30,0,0,1,0,10,10,25,0,0,0,0,10,0,0,0,0,0,0,3,0,0,20,0,0,0,0,0,0,0,0,0,0,0,0,0,0,0,0,0,0,0,0,0,0,0
Shopping Box (Small),39,10,0,16,25,0,30,50,100,50,0,0,0,30,0,60,70,100,0,0,0,0,50,0,0,1,0,15,0,0,0,0,30,0,0,80,0,0,0,0,60,3,0,0,0,0,0,0,0,0,0,0,0,0,0,0,0,0,0,0,0,0,0,0,0,0,0,0
Shopping Box (Large),40,0,20,0,25,100,0,0,0,0,130,0,0,100,0,0,0,0,50,20,0,0,0,0,80,1,50,0,0,0,0,0,50,0,0,80,0,0,0,0,50,3,0,0,20,0,0,0,0,0,0,0,0,0,0,0,0,0,0,0,0,0,0,0,0,0,0,0
Cardboard Truck,41,20,0,20,0,50,0,0,0,0,0,100,0,50,0,0,0,0,0,0,0,100,0,25,0,1,0,20,0,30,0,0,0,0,0,0,0,0,0,0,0,3,0,0,0,0,0,0,0,0,0,0,0,0,0,0,0,0,0,0,0,0,0,0,0,0,0,0
Cardboard House (door),42,2,2,1,10,10,50,50,30,30,0,0,0,0,0,0,50,0,10,0,0,0,30,0,0,1,30,0,10,20,0,0,0,0,0,0,0,0,20,0,0,3,0,0,0,0,0,0,0,0,100,0,0,0,0,0,0,0,0,0,0,0,0,0,0,0,0,0
Cardboard House (window),43,10,5,5,20,20,0,0,0,30,0,0,0,0,30,0,30,0,10,10,70,0,0,0,0,1,0,0,20,0,0,0,0,0,0,0,0,0,0,0,0,3,40,0,0,0,0,0,0,0,0,0,0,0,0,0,0,0,0,0,0,0,0,0,0,0,0,0
Cardboard House (top),44,0,0,5,0,50,0,0,0,0,30,0,0,0,0,0,0,0,0,0,0,50,0,25,0,1,0,10,10,0,30,0,0,0,50,0,0,20,0,0,0,3,0,0,0,0,0,0,0,0,0,0,0,0,0,0,0,0,0,0,0,0,0,0,0,0,0,0
Cake Box,45,0,0,20,0,100,0,0,0,0,30,0,0,0,0,0,0,10,0,10,0,0,0,0,50,1,0,0,0,0,0,0,0,0,0,60,0,0,0,0,15,3,0,0,0,0,0,0,0,0,0,0,0,0,0,0,0,0,0,0,0,0,0,0,0,0,0,0
Cardboard Cafe (left),46,0,10,0,0,0,20,0,30,0,0,0,0,0,30,20,0,0,0,0,0,20,0,0,0,1,0,0,10,0,0,0,0,0,0,0,0,0,0,30,0,3,0,0,0,0,0,0,0,0,0,0,0,0,0,0,0,0,0,100,0,0,0,0,0,0,0,0
Cardboard Cafe (right),47,10,0,0,10,0,0,15,0,0,0,20,0,0,0,0,0,0,0,0,0,0,0,0,0,1,0,40,10,30,0,0,0,0,0,0,0,0,30,0,0,3,0,0,0,0,0,0,0,0,0,0,0,0,0,0,0,0,0,0,0,0,0,0,0,0,0,0
Cardboard Cafe (top),48,0,4,40,30,0,0,0,0,0,0,0,0,10,0,0,0,0,0,0,0,10,0,0,0,3,0,0,0,0,10,0,0,0,50,0,0,30,0,0,0,3,0,0,15,0,0,0,0,0,0,0,0,0,0,0,0,0,0,0,0,0,0,0,0,0,0,0
Cardboard Choo-choo (headlights),49,0,0,70,30,50,0,0,0,0,0,70,0,120,0,0,0,0,0,0,0,70,10,0,0,1,0,0,0,0,0,30,0,0,0,0,0,0,0,0,0,3,0,0,0,0,0,0,0,0,0,0,0,0,0,0,0,0,0,0,0,0,0,0,0,0,0,0
Cardboard Choo-choo (on top),50,0,0,0,0,0,70,0,0,0,30,0,0,0,0,0,40,0,0,0,0,30,10,20,0,1,0,10,10,0,30,0,20,0,20,0,0,70,0,0,0,3,0,0,0,0,0,0,0,0,0,0,0,0,0,0,0,0,0,0,0,0,0,0,0,0,0,0
Cardboard Choo-choo (head on top),51,0,10,30,0,50,0,40,0,0,0,0,50,100,0,0,0,0,0,0,0,0,10,0,0,1,0,10,0,0,0,0,0,0,0,0,0,0,0,0,20,3,30,0,20,0,0,0,0,0,0,0,0,0,0,0,0,0,0,0,0,0,0,0,0,0,0,0
Cardboard Choo-choo (side window),52,30,15,0,0,0,0,0,0,0,0,30,0,0,30,0,0,0,0,10,0,0,10,0,0,1,10,20,10,20,0,15,0,0,0,0,0,0,70,0,0,3,0,0,10,0,0,0,0,0,0,0,35,0,0,0,0,0,0,0,0,0,0,0,0,0,0,0
Gift Box (Red),53,10,0,10,0,0,0,30,0,30,0,0,0,25,0,40,60,0,0,0,0,0,30,0,0,1,0,10,0,0,0,0,80,0,0,0,0,0,0,15,0,3,0,15,0,0,0,0,0,0,0,0,0,0,0,0,0,0,0,0,0,0,0,0,0,0,0,0
Pillow (Purple),54,40,0,0,0,0,0,0,120,50,0,50,30,0,0,70,100,80,0,0,20,0,10,0,0,1,0,0,0,0,0,15,0,0,0,0,0,0,30,0,20,3,0,15,0,0,0,0,0,0,0,0,0,0,0,0,0,0,0,0,0,5,0,0,0,0,0,0
Pillow (Yellow),55,30,0,0,0,0,0,0,0,60,0,30,20,0,0,80,80,50,0,0,0,10,10,0,0,1,0,0,0,0,0,15,0,0,0,0,0,0,30,0,30,3,0,15,0,0,0,0,0,0,0,0,0,0,0,0,0,0,0,0,0,5,0,0,0,0,0,0
Pillow (Green),56,30,20,0,0,0,0,0,120,60,0,50,50,0,0,60,70,70,0,10,0,0,10,0,0,1,30,0,0,0,30,15,0,0,0,0,0,0,30,0,20,3,0,15,0,0,0,0,0,0,0,0,0,0,0,0,0,0,0,0,0,5,0,0,0,0,0,0
Silk Crepe Pillow,57,0,10,0,0,0,50,0,0,0,0,50,70,0,100,0,0,0,30,10,0,0,10,0,0,1,0,0,0,0,0,30,0,0,0,0,0,0,0,0,0,3,0,15,0,0,0,0,0,100,0,0,0,0,0,0,0,0,0,0,0,5,0,0,0,0,0,0
Cushion (Beige),58,50,10,0,0,0,0,50,0,40,0,100,0,0,0,0,0,0,0,0,20,0,10,0,0,1,0,0,0,0,0,0,0,20,0,0,0,30,0,0,30,3,0,15,0,0,0,0,0,0,0,0,0,0,0,0,0,0,0,0,0,0,0,0,0,0,0,0
Cushion (Pink),59,30,0,8,10,0,0,0,0,0,0,0,30,0,0,0,0,100,0,0,20,0,10,15,0,1,0,0,0,0,0,0,0,40,0,0,0,0,0,0,0,3,30,15,0,0,0,0,0,0,0,0,0,0,0,0,0,0,0,0,0,0,0,0,0,0,0,0
Cushion (Brown),60,50,0,3,0,0,40,0,50,0,0,0,0,0,0,0,50,0,30,20,20,100,10,0,0,1,0,0,0,0,0,0,0,20,0,0,0,30,0,0,20,3,0,15,0,0,0,0,0,0,0,0,0,0,0,0,0,0,0,0,0,0,0,0,0,0,0,0
Thick Cooling Pad,61,30,0,0,0,50,40,0,0,0,0,0,0,30,0,30,30,0,0,40,0,0,10,0,0,1,0,20,0,20,0,0,0,0,10,0,80,0,0,0,20,3,0,0,10,0,0,0,0,0,0,0,0,0,0,0,0,0,0,0,0,5,0,0,0,0,0,0
Fluffy Cushion,62,30,5,0,5,0,0,0,0,30,0,0,0,0,0,0,30,0,20,0,0,0,10,0,0,1,0,0,0,0,0,0,0,20,0,0,0,20,0,0,0,3,0,0,0,0,0,0,0,0,0,0,0,0,0,0,0,0,0,0,0,0,0,0,0,0,0,0
Sheep Cushion,63,20,30,0,0,0,0,0,0,0,20,0,0,30,0,50,0,0,0,0,0,0,10,25,10,1,0,0,15,0,0,30,0,30,0,0,0,0,0,0,0,3,30,0,0,0,0,0,0,0,0,0,0,0,0,0,0,0,0,0,0,0,0,0,0,0,0,0
Sakura Pillow,64,70,0,0,50,0,0,20,0,0,0,0,50,0,70,0,0,0,0,0,0,0,0,20,20,1,30,0,0,0,0,50,0,0,0,0,0,0,0,0,0,3,0,15,0,0,0,0,0,0,0,0,0,0,10,0,0,0,0,0,0,5,0,0,0,0,0,0
Cushion (Yellow),65,20,0,0,0,0,0,0,20,20,0,0,0,0,0,0,0,50,0,0,0,10,5,0,5,1,0,0,10,0,0,0,30,20,0,0,0,30,0,20,0,3,0,15,0,0,0,0,0,0,0,0,0,0,0,0,0,0,0,0,0,0,0,0,0,0,0,0
Cushion (Green),66,0,20,0,0,0,70,0,0,0,10,0,0,0,0,0,10,0,0,0,0,0,5,50,0,1,0,0,0,0,30,0,15,20,0,0,40,0,0,0,0,3,0,15,0,0,0,0,0,0,0,0,0,0,0,0,0,0,0,0,0,0,0,0,0,0,0,0
Sakuramochi Cushion,67,20,0,0,0,20,0,0,0,20,0,0,0,0,0,70,10,0,0,0,30,0,0,0,0,3,0,20,0,0,0,25,0,20,0,0,0,0,0,0,0,3,30,20,0,0,0,0,0,0,0,0,0,0,0,0,0,0,0,0,0,0,0,0,0,0,0,0
Cool Aluminum Pad,68,0,0,20,0,10,20,0,0,0,0,20,0,0,0,0,0,5,0,0,0,0,10,0,0,1,0,0,0,0,0,0,0,0,10,0,100,0,20,0,0,3,0,0,15,0,0,0,0,0,0,0,0,0,0,0,0,0,0,0,0,5,0,0,0,0,0,0
Marble Pad,69,0,10,0,0,0,0,20,0,0,0,0,10,0,30,0,0,5,0,0,0,0,10,20,0,1,10,0,0,0,0,0,0,0,10,0,80,0,0,0,0,3,0,0,0,0,0,0,0,0,0,0,0,0,0,0,0,0,0,0,0,5,0,0,0,0,0,0
Large Cooling Mat (top),70,30,0,0,0,30,20,0,10,0,0,0,0,0,0,0,0,5,0,0,20,0,10,0,0,1,0,0,15,20,0,0,0,10,0,0,0,0,0,0,20,3,0,0,0,0,0,0,0,0,0,0,0,0,0,0,0,0,0,0,0,5,0,0,0,0,0,0
Large Cooling Mat (center),71,30,0,10,0,30,20,0,0,10,0,0,0,0,0,0,0,5,0,0,20,0,10,0,0,1,0,0,15,20,0,0,0,0,0,0,0,0,0,0,0,3,0,0,20,0,0,0,0,0,0,0,0,0,0,0,0,0,0,0,0,5,0,0,0,0,0,0
Large Cooling Mat (bottom),72,0,30,0,0,30,10,0,0,0,0,0,0,0,0,0,0,5,0,0,20,0,10,0,0,1,20,0,15,20,0,0,0,0,0,0,30,0,0,0,0,3,0,0,0,0,0,0,0,0,0,0,0,0,0,0,0,0,0,0,0,5,0,0,0,0,0,0
Maple Pillow,73,70,0,0,50,0,0,20,0,0,0,0,50,0,70,0,0,0,0,0,0,0,0,15,15,1,20,0,0,0,0,60,0,0,0,0,0,0,0,0,0,3,30,0,0,0,0,0,0,0,0,0,0,0,0,0,0,0,0,0,0,5,0,0,0,0,0,0
Orange Cube (inside),74,30,0,0,0,0,0,0,0,0,0,0,0,0,0,0,0,0,20,20,0,0,0,0,20,1,20,0,0,0,0,0,10,10,0,0,0,0,0,0,0,3,0,0,0,0,0,0,0,0,0,0,0,0,0,0,0,0,0,0,0,0,0,0,0,0,0,0
Orange Cube (top),75,20,0,30,0,0,0,0,30,40,0,0,0,0,0,0,0,0,0,0,0,0,15,0,0,1,0,0,0,0,0,10,0,0,0,0,0,0,0,0,0,3,0,0,0,0,0,0,0,0,0,0,0,0,0,0,0,0,0,0,0,0,0,0,0,0,0,0
Dice Cube (inside),76,0,0,0,10,0,0,0,0,0,0,0,0,0,15,0,5,0,20,30,0,0,0,0,20,1,10,0,0,5,0,0,5,10,0,0,0,0,0,0,0,3,0,0,0,0,0,0,0,0,0,0,0,0,0,0,0,0,0,0,0,0,0,0,0,0,0,0
Dice Cube (top),77,10,20,30,30,0,0,0,30,40,0,0,0,10,0,0,0,0,0,0,0,0,10,0,0,1,0,0,0,0,0,20,0,0,0,0,0,0,0,0,0,3,0,0,0,0,0,0,0,0,0,0,0,0,0,0,0,0,0,0,0,0,0,0,0,0,0,0
Navy-blue Cube (inside),78,30,0,0,0,0,0,0,0,0,0,0,0,0,0,0,0,0,20,20,0,0,0,0,20,1,20,0,0,5,0,0,10,10,0,0,0,0,0,0,0,3,0,0,0,0,0,0,0,0,0,0,0,0,0,0,0,0,0,0,0,0,0,0,0,0,0,0
Navy-blue Cube (top),79,10,5,0,0,0,0,0,30,40,0,0,0,15,0,0,0,0,0,0,0,0,15,0,0,1,0,0,0,0,0,10,0,0,0,0,0,0,0,0,20,3,0,0,0,0,0,0,0,0,0,0,0,0,0,0,0,0,0,0,0,0,0,0,0,0,0,0
Tiramisu Cube (inside),80,50,50,0,10,0,0,0,0,0,0,0,0,0,10,80,0,0,20,25,0,0,0,0,20,5,15,0,0,0,0,0,5,10,0,0,0,0,0,0,0,3,0,0,0,0,0,0,0,0,0,0,0,0,0,0,0,0,0,0,0,0,0,0,0,0,0,0
Tiramisu Cube (top),81,10,5,0,0,30,0,0,30,40,30,0,0,10,0,0,25,0,0,0,0,0,15,10,0,5,0,0,0,0,0,20,0,0,0,0,0,0,0,0,0,3,0,0,0,0,0,0,0,0,0,0,0,0,0,0,0,0,0,0,0,0,0,0,0,0,0,0
Burger Cushion (sleeping),82,30,20,0,0,0,0,0,0,15,0,0,0,0,0,0,20,0,5,0,0,0,10,15,0,1,0,15,10,0,0,20,0,0,0,0,0,0,80,0,0,3,0,0,0,0,0,0,0,0,0,0,0,0,0,0,0,0,0,0,0,0,0,0,0,0,0,0
Burger Cushion (tail sticking out),83,0,0,5,0,30,0,0,0,0,5,0,0,15,0,70,0,0,0,30,10,0,0,0,30,1,0,0,0,0,0,0,0,30,0,0,0,80,0,0,10,3,0,0,0,0,0,0,0,0,0,0,0,0,0,0,0,0,0,0,0,0,0,0,0,0,0,0
Fluffy Bed (White),84,30,0,0,0,0,0,0,10,20,0,0,0,0,0,0,0,70,0,0,20,0,10,0,5,1,0,0,0,0,0,20,0,20,0,15,0,0,0,0,0,3,20,15,0,0,0,0,0,0,0,0,0,0,0,0,0,0,0,0,0,0,0,0,0,0,0,0
Fluffy Bed (Pink),85,30,0,0,10,0,0,0,10,10,0,0,30,0,0,0,0,0,0,0,0,0,10,60,0,1,0,0,0,0,0,20,0,20,0,0,0,0,0,0,0,3,20,15,0,0,0,0,0,0,0,0,0,0,0,0,0,0,0,0,0,0,0,0,0,0,0,0
Fluffy Bed (Brown),86,20,0,0,0,0,0,20,20,10,0,0,0,0,20,0,50,0,0,0,0,70,10,0,0,1,0,0,0,0,0,0,0,20,0,0,0,0,0,0,0,3,0,15,0,0,0,0,0,0,0,0,0,0,0,0,0,0,0,0,0,0,0,0,0,0,0,0
Arabesque Blanket,87,40,40,20,30,0,0,0,80,70,5,0,0,0,0,20,20,0,0,0,0,0,15,0,10,1,0,0,15,0,0,0,0,10,0,0,0,0,50,15,0,3,0,15,0,0,0,0,0,0,0,0,0,0,0,0,0,0,0,0,0,0,0,0,0,0,0,0
Cozy Blanket (Red),88,40,40,0,0,0,0,0,50,70,0,0,20,0,0,20,20,0,0,0,20,0,15,0,0,1,0,0,15,0,0,0,0,10,0,0,0,100,0,30,0,3,20,15,0,0,0,0,0,0,0,0,0,0,0,0,0,0,0,0,0,0,0,0,0,0,0,0
Cozy Blanket (Yellow),89,30,0,0,0,0,0,0,50,70,0,0,20,0,0,20,20,0,0,0,0,0,15,0,0,1,0,0,15,0,0,0,0,10,0,0,0,0,0,20,0,3,0,15,0,0,0,0,0,0,0,0,0,0,0,0,0,0,0,0,0,0,0,0,0,0,0,0
Snowy Pillow,90,50,0,0,0,0,10,0,0,0,0,0,20,0,60,0,0,0,0,0,0,0,0,20,20,1,0,0,0,0,0,45,0,0,0,0,0,0,0,0,0,3,0,15,0,0,0,0,0,0,0,0,0,0,0,0,0,0,0,0,0,30,0,0,0,0,0,0
Lucky Cushion,91,20,20,0,0,0,0,0,20,30,0,0,0,0,0,0,30,10,0,0,10,0,5,30,0,1,0,0,0,0,30,0,0,0,0,20,0,0,0,15,0,3,20,0,0,0,0,0,0,0,0,0,0,0,0,0,0,0,0,0,0,0,0,0,0,0,0,0
Royal Bed,92,0,10,0,0,0,40,0,0,0,0,0,0,0,100,0,0,0,0,5,0,0,0,0,0,1,0,0,0,0,20,15,0,0,0,0,15,50,0,0,0,3,0,0,0,0,0,30,0,0,0,0,0,0,0,0,0,0,0,0,0,0,0,0,0,0,0,0
Biscuit Mat,93,10,0,0,15,0,0,0,15,10,0,0,0,0,0,70,40,0,0,0,10,0,5,0,0,1,0,0,0,0,0,0,0,0,0,0,0,0,0,0,0,3,0,0,0,0,0,0,0,0,0,0,0,0,0,0,0,0,0,0,0,0,0,0,0,0,0,0
Plum Cushion (Red),94,40,30,0,0,0,0,0,0,0,0,0,0,0,0,0,15,0,0,0,15,0,10,15,0,1,0,0,0,0,0,40,0,10,0,0,0,0,0,0,0,3,0,15,0,0,0,0,0,0,0,0,0,0,0,0,0,0,0,0,0,0,0,0,0,0,0,0
Plum Cushion (Pink),95,20,5,0,10,0,0,0,0,0,0,0,20,0,0,0,15,30,0,0,20,0,10,20,0,1,0,0,0,0,0,0,0,10,0,0,0,0,0,0,0,3,30,15,0,0,0,0,0,0,0,0,0,0,0,0,0,0,0,0,0,0,0,0,0,0,0,0
Plum Cushion (White),96,5,5,0,0,0,0,0,10,40,0,0,0,0,0,0,30,0,0,0,15,0,10,0,5,1,0,0,15,0,0,30,0,10,0,15,0,0,0,0,0,3,20,15,50,0,0,0,0,0,0,0,0,0,0,0,0,0,0,0,0,0,0,0,0,0,0,0
Pancake Cushion (tail sticking out),97,0,0,0,0,0,0,0,0,0,5,0,0,0,0,80,0,0,0,20,10,0,0,0,30,3,0,0,0,0,0,0,0,20,0,0,0,0,0,0,0,3,0,0,10,0,0,0,0,0,0,0,0,0,0,0,0,0,0,0,0,0,0,0,0,0,0,0
Pancake Cushion (sleeping),98,30,5,0,0,0,0,0,0,15,0,0,0,0,0,0,20,0,5,0,0,0,10,15,0,3,0,15,10,0,0,20,0,0,0,0,0,0,0,0,0,3,0,0,10,0,0,0,0,0,0,0,0,0,0,0,0,0,0,0,0,0,0,0,0,0,0,0
Head Space,99,10,0,0,10,0,0,0,0,0,0,50,0,0,50,0,0,0,100,50,0,0,0,0,30,1,20,0,0,0,0,0,0,30,0,0,0,70,0,0,20,3,0,10,0,0,0,0,0,0,0,0,0,0,0,0,0,0,0,0,0,0,0,0,0,0,0,0
Zanzibar Cushion,100,0,0,0,5,0,0,0,0,0,0,30,0,0,150,0,0,30,0,0,0,30,0,0,0,1,0,0,0,0,0,0,0,10,0,0,0,0,0,0,0,3,0,0,0,0,0,70,0,0,0,0,0,0,0,0,0,0,0,0,0,0,0,0,0,0,0,0
Bean Bag,101,0,0,10,0,0,0,50,0,50,0,0,50,30,50,0,0,0,0,0,0,50,0,0,0,1,0,0,0,0,0,0,0,0,0,0,40,30,0,10,0,3,0,0,0,0,0,0,0,0,0,0,0,0,0,0,0,0,0,0,0,0,0,0,0,0,0,0
Giant Cushion (left),102,30,5,15,0,0,5,20,20,30,0,0,0,0,0,0,0,20,0,0,20,0,0,0,0,1,0,0,30,0,0,0,0,0,0,0,0,0,100,0,0,3,20,10,0,0,0,0,0,0,0,0,0,0,0,0,0,0,0,0,0,0,0,0,0,0,0,0
Giant Cushion (right),103,5,30,15,20,0,5,0,30,20,0,0,0,0,0,0,20,0,20,0,20,0,0,0,0,1,0,0,30,0,0,0,0,0,0,0,30,100,0,0,0,3,20,10,0,0,0,0,0,0,0,0,0,12,0,0,0,0,0,0,0,0,0,0,0,0,0,0
Hammock (Yellow),104,20,0,30,0,0,10,0,30,40,0,0,0,10,0,0,0,0,0,0,0,0,15,0,0,1,0,0,0,0,0,15,0,0,20,0,0,30,0,0,40,3,0,15,0,0,0,0,0,0,0,0,0,0,0,0,0,0,0,0,0,0,0,0,0,0,0,0
Hammock (Pink),105,10,20,0,0,50,0,0,30,40,50,0,0,0,0,0,30,0,0,0,0,0,15,10,0,1,0,0,0,0,0,15,0,0,20,0,0,30,0,0,0,3,0,15,0,0,0,0,0,0,0,0,0,0,0,0,0,0,0,0,0,0,0,0,0,0,0,0
Luxurious Hammock,106,10,10,30,50,0,0,0,30,40,0,0,0,10,0,0,0,0,0,0,30,0,15,0,0,1,0,0,0,0,0,30,0,0,20,0,0,70,0,0,0,3,0,15,0,0,0,0,0,0,0,0,0,0,0,100,0,0,0,0,0,0,0,0,0,0,0,0
Hammock (Woven),107,10,5,0,5,0,0,0,50,50,60,0,0,30,0,0,0,0,0,20,0,0,15,30,0,5,0,0,0,0,30,20,0,0,20,0,0,30,0,0,0,3,0,15,0,0,0,0,0,0,0,0,0,0,0,0,0,0,0,0,0,0,0,0,0,0,0,0
Basket Case,108,80,0,0,5,0,0,0,30,60,0,0,20,0,70,0,30,0,0,0,0,0,0,20,0,1,0,0,0,30,0,0,0,0,0,0,0,0,70,0,30,3,0,0,0,0,0,0,0,0,0,0,0,0,0,0,0,0,0,0,0,5,0,0,0,0,0,0
Tent (Nature),109,0,0,20,0,0,0,0,0,0,30,0,0,20,0,0,10,0,0,15,0,0,10,0,20,1,0,0,0,0,0,0,10,0,10,0,0,0,30,0,20,3,0,15,0,0,0,0,0,0,0,0,0,0,0,0,0,0,0,0,0,0,0,0,0,0,0,0
Tent (Modern Red),110,20,0,20,0,0,0,0,0,0,30,0,0,20,0,0,10,0,0,0,0,0,10,0,20,1,0,0,0,0,0,0,10,0,10,0,0,0,30,0,0,3,0,15,0,0,0,0,0,0,0,0,0,0,0,0,0,0,0,0,0,0,0,0,0,0,0,0
Tent (Blizzard),111,0,20,0,0,0,30,0,0,0,0,0,0,0,30,0,0,0,0,0,0,0,10,0,20,1,0,30,0,0,30,0,10,0,30,0,0,0,20,0,0,3,0,15,0,0,0,0,0,0,0,0,0,0,0,0,0,0,0,0,0,5,0,0,0,0,0,0
Tent (Pyramid),112,0,0,0,30,0,0,0,0,0,0,0,0,60,0,0,0,0,0,15,0,0,10,0,0,1,0,0,0,0,0,0,10,0,50,0,0,0,20,0,0,3,0,15,0,0,0,0,0,0,0,0,0,0,0,0,0,0,100,0,0,0,0,0,0,0,0,0
Paper Umbrella (left),113,20,0,0,0,0,0,0,0,0,0,0,0,0,0,0,10,0,0,0,0,0,5,0,0,1,0,0,0,20,0,0,0,0,0,0,0,0,0,0,0,3,0,0,0,0,0,0,0,0,0,0,0,0,0,0,0,0,0,0,0,0,0,0,0,0,0,0
Paper Umbrella (right),114,0,20,0,0,0,0,0,20,0,0,0,0,0,25,0,10,0,0,0,15,0,5,0,0,1,0,0,0,0,0,0,0,0,0,0,0,0,0,0,0,3,0,0,0,0,0,0,0,0,0,0,0,0,0,0,0,0,0,0,0,0,0,0,0,0,0,0
Paper Umbrella (top),115,0,0,0,30,0,0,0,0,0,0,0,0,0,0,0,10,0,0,0,0,0,5,0,0,1,0,0,0,0,0,0,0,0,50,0,0,0,0,10,0,3,0,0,0,0,0,0,0,0,0,0,0,0,0,0,0,0,0,0,0,5,0,0,0,0,0,0
Beach Umbrella (left),116,0,0,0,0,0,0,25,0,0,0,0,0,0,0,10,0,0,0,0,0,0,5,0,0,1,0,0,0,20,0,0,0,0,0,0,0,0,0,0,0,3,0,0,0,0,0,0,0,0,0,0,0,0,0,0,0,0,0,0,0,0,0,0,0,0,0,0
Beach Umbrella (right),117,0,20,0,0,0,0,0,0,0,0,0,0,0,0,0,0,0,0,0,15,0,5,30,0,1,0,0,20,0,0,0,0,0,0,0,0,0,0,0,0,3,0,0,0,0,0,0,0,0,0,0,0,0,0,0,0,0,0,0,0,0,0,0,0,0,0,0
Beach Umbrella (top),118,0,0,0,0,0,0,0,0,0,0,25,0,0,0,0,0,0,0,0,0,0,5,0,0,1,0,0,20,0,0,0,0,0,50,0,0,0,0,0,0,3,0,0,0,0,0,0,0,0,0,0,0,0,0,0,0,0,0,0,0,0,0,0,0,0,0,0
Black Head Space,119,5,0,0,5,0,0,0,0,0,0,20,5,0,30,0,0,0,70,50,0,0,0,0,30,1,30,0,0,0,0,0,10,10,0,0,0,0,70,0,0,3,0,0,0,0,0,0,0,0,0,0,0,0,0,0,0,0,0,0,0,0,0,0,0,0,0,0
Chestnut Cushion,120,10,0,0,5,0,0,0,0,0,0,0,0,0,30,70,0,0,30,5,0,0,0,0,0,1,30,0,0,0,0,30,5,20,0,0,0,0,0,0,0,3,0,0,0,0,0,0,0,0,0,0,0,0,0,0,0,0,0,0,0,0,0,0,0,0,0,0
Stump House (inside),121,10,0,0,30,0,0,0,0,0,0,0,0,0,0,0,0,0,0,60,0,0,0,0,20,1,20,0,0,0,0,10,15,20,0,0,0,0,0,0,0,3,0,0,0,0,0,0,0,0,0,0,0,0,0,0,0,0,0,0,0,0,0,0,0,0,0,0
Stump House (top),122,20,20,0,0,0,5,0,30,40,30,0,0,10,0,0,30,0,0,0,0,0,15,10,0,1,0,0,0,0,0,10,0,0,0,0,0,0,0,0,0,3,0,0,10,0,0,0,0,0,0,0,0,0,0,0,0,0,0,0,0,0,0,0,0,0,0,0
Fairy-tale Parasol (left),123,30,0,0,0,0,0,0,0,0,0,0,0,0,0,0,0,0,0,0,0,0,5,30,0,1,0,0,0,20,0,0,0,10,0,0,0,0,0,0,0,3,20,0,0,0,0,0,0,0,0,0,0,0,0,0,0,0,0,0,0,0,0,0,0,0,0,0
Fairy-tale Parasol (right),124,0,20,0,0,0,0,0,0,0,0,0,0,0,25,0,0,0,0,0,20,0,5,0,0,1,0,0,20,0,0,0,0,0,0,0,0,0,0,0,0,3,20,0,0,0,0,0,0,0,0,0,0,0,0,0,0,0,0,0,0,0,0,0,0,0,0,0
Fairy-tale Parasol (top),125,0,0,0,0,0,0,0,0,0,0,0,0,0,0,0,0,0,0,0,0,20,5,0,0,1,0,15,0,0,0,0,10,0,50,0,0,0,0,0,0,3,0,0,20,0,0,0,0,0,0,0,0,0,0,0,0,0,0,0,0,0,0,0,0,0,0,0
Fairy-tale Parasol (Saph/Jeeves only),126,0,0,0,0,0,0,0,0,0,0,0,0,0,0,0,0,0,0,0,0,0,0,0,0,0,0,0,0,0,0,0,0,0,0,0,0,0,0,0,0,0,0,0,0,0,0,0,0,0,0,0,0,0,0,0,0,0,0,0,0,0,0,0,0,0,0,0
Fairy-tale Parasol (Saph/Jeeves only),127,0,0,0,0,0,0,0,0,0,0,0,0,0,0,0,0,0,0,0,0,0,0,0,0,0,0,0,0,0,0,0,0,0,0,0,0,0,0,0,0,0,0,0,0,0,0,0,0,0,0,0,0,0,0,0,0,0,0,0,0,0,20,0,0,0,0,0
Two-tier Cat Tree (bottom),128,5,0,0,0,0,0,0,30,30,0,20,0,0,0,20,20,0,50,0,0,0,0,0,0,1,20,0,10,0,30,0,0,0,0,0,0,0,50,0,20,3,0,0,0,0,0,0,0,0,0,0,0,0,0,0,0,0,0,0,0,0,0,0,0,0,0,0
Two-tier Cat Tree (top),129,0,10,5,20,50,40,0,0,0,30,0,0,0,0,0,0,0,0,0,0,20,0,20,0,1,0,10,15,0,0,0,10,0,0,0,0,50,0,0,70,3,0,0,0,0,0,0,0,0,0,0,0,0,0,0,0,0,0,0,0,0,0,0,0,0,0,0
Three-tier Cat Tree (bottom),130,0,5,15,0,100,50,0,0,0,70,0,50,100,0,0,0,0,0,0,0,0,0,0,0,1,20,0,20,0,0,0,0,0,0,0,0,0,0,0,10,3,0,0,0,0,0,0,0,0,0,0,0,0,0,0,0,0,0,0,0,0,0,0,0,0,0,0
Three-tier Cat Tree (middle),131,0,0,10,0,70,0,0,0,0,70,0,0,120,0,0,0,0,0,0,0,0,0,0,0,1,0,0,10,0,0,0,10,0,0,0,0,0,50,0,20,3,0,0,0,0,0,0,0,0,0,0,0,0,0,0,0,0,0,0,0,0,0,0,0,0,0,0
Three-tier Cat Tree (top),132,0,0,0,0,50,0,50,0,0,30,0,0,150,0,0,0,0,0,0,0,20,0,0,0,1,0,10,10,0,0,0,10,0,50,0,0,50,0,0,0,3,0,0,10,0,0,0,0,0,0,0,0,0,0,0,0,0,0,0,0,0,0,0,0,0,0,0
Cat Condo Complex (bottom left),133,5,0,0,0,0,0,0,30,30,0,20,0,0,0,20,20,0,50,0,0,0,0,0,0,1,20,0,10,0,0,0,0,10,0,0,0,0,0,0,10,3,0,0,0,0,0,0,0,0,0,0,0,0,0,0,0,0,0,0,0,0,0,0,0,0,0,0
Cat Condo Complex (center left),134,0,10,5,20,50,40,0,0,0,30,0,0,0,0,0,0,0,0,0,0,0,0,0,0,1,0,0,10,0,0,0,10,0,0,0,0,0,0,0,50,3,0,0,0,0,0,0,0,0,0,0,0,0,0,0,0,0,0,0,0,0,0,0,0,0,0,0
Cat Condo Complex (top left),135,0,5,15,0,100,50,0,0,0,70,0,50,100,0,0,0,0,0,0,0,20,0,0,0,1,0,10,10,0,0,0,5,0,80,0,0,60,0,0,0,3,0,0,10,0,0,0,0,0,0,0,0,0,0,0,0,0,0,0,0,0,0,0,0,0,0,0
Cat Condo Complex (right hole),136,0,0,10,0,70,0,0,0,0,70,0,0,120,0,0,0,0,0,0,0,0,0,0,30,1,0,0,10,0,0,0,15,0,0,0,0,0,0,0,70,3,0,0,0,0,0,0,0,0,0,0,0,0,0,0,0,0,0,0,0,0,0,0,0,0,0,0
Cat Condo Complex (top right),137,0,0,10,0,70,0,0,0,0,70,0,0,120,0,0,0,0,0,0,20,0,0,0,0,1,0,0,10,0,0,0,0,0,0,0,0,0,80,0,0,3,0,0,0,0,0,0,0,0,0,0,0,0,0,0,0,0,0,0,0,0,0,0,0,0,0,0
Cat Metropolis (bottom left),138,0,0,0,0,50,0,50,0,0,30,0,0,150,0,0,0,0,0,0,0,0,0,0,0,1,0,0,10,0,0,0,0,10,0,0,0,0,0,0,20,3,0,0,0,0,0,0,0,0,0,0,0,0,0,0,0,0,0,0,0,0,0,0,0,0,0,0
Cat Metropolis (left middle),139,5,0,0,0,0,0,0,30,30,0,20,0,0,0,20,20,0,50,0,0,0,0,0,0,1,0,0,10,0,0,0,0,0,0,0,0,0,0,0,60,3,0,0,0,0,0,0,0,0,0,0,0,0,0,0,0,0,0,0,0,0,0,0,0,0,0,0
Cat Metropolis (left hole),140,0,10,5,20,50,40,0,0,0,30,0,0,0,0,0,0,0,0,0,0,20,0,0,0,1,0,15,10,0,0,0,10,0,50,0,0,50,0,0,0,3,0,0,20,0,0,0,0,0,0,0,0,0,0,0,0,0,0,0,0,0,0,0,0,0,0,0
Cat Metropolis (top),141,0,5,15,0,100,50,0,0,0,70,0,50,100,0,0,0,0,0,0,20,0,0,0,20,1,0,0,10,0,0,0,15,0,80,5,0,0,50,0,0,3,0,0,0,0,0,0,0,0,0,100,0,0,0,0,0,0,0,0,0,0,0,0,0,0,0,0
Cat Metropolis (right hole),142,0,0,10,0,70,0,0,0,0,70,0,0,120,0,0,0,0,0,0,20,0,0,0,20,1,0,0,10,0,0,0,10,0,0,0,0,0,0,0,70,3,0,0,0,0,0,0,0,0,0,0,0,0,0,0,0,0,0,0,0,0,0,0,0,0,0,0
Cat Metropolis (top right),143,0,0,0,0,50,0,50,0,0,30,0,0,150,0,0,0,0,0,0,0,0,0,0,0,1,0,0,10,0,0,0,0,0,0,0,0,0,0,0,0,3,0,0,0,0,0,0,0,0,0,0,0,0,0,0,0,0,0,0,0,0,0,0,0,0,0,0
Art Deco Cat Tree (bottom),144,0,20,0,0,0,30,0,0,0,0,20,0,0,0,0,0,30,0,0,0,0,5,0,0,1,0,5,0,0,30,30,0,0,0,0,0,0,0,0,0,3,0,0,0,0,0,0,0,0,0,0,0,0,0,0,0,0,0,0,0,0,0,0,0,0,0,0
Art Deco Cat Tree (2nd from bottom),145,0,20,0,20,0,0,0,0,0,0,20,0,0,50,0,0,0,0,0,0,0,0,0,0,1,0,10,20,0,0,15,0,0,0,0,0,0,0,0,0,3,0,0,0,0,0,0,0,0,0,0,0,0,0,0,0,0,0,0,0,0,0,0,0,0,0,0
Art Deco Cat Tree (2nd from top),146,20,0,0,20,0,30,0,0,0,0,20,0,0,50,0,0,0,0,0,0,0,0,0,0,1,0,10,20,0,0,0,0,0,0,0,0,0,0,0,0,3,0,0,0,0,0,0,0,0,0,0,0,0,0,0,0,0,0,0,0,0,0,0,0,0,0,0
Art Deco Cat Tree (top),147,0,20,0,0,0,0,0,0,0,0,0,0,20,50,0,0,0,0,0,0,30,5,0,0,1,0,5,0,20,0,0,15,0,60,0,0,0,0,0,0,3,0,0,0,0,0,0,0,0,0,0,0,0,0,0,0,0,0,0,0,0,0,0,0,0,0,0
Bureau with Pot (top spot?),148,0,10,0,0,50,40,0,0,0,30,0,0,150,50,0,0,0,0,0,0,20,0,0,0,1,0,10,0,0,0,0,10,0,50,0,0,0,0,0,0,3,0,0,0,0,0,0,0,0,0,0,0,0,0,0,0,0,0,0,0,0,0,0,0,0,0,0
Bureau with Pot (top spot?),149,0,10,0,0,50,40,0,0,0,30,0,0,150,50,0,0,0,0,0,0,20,0,0,0,1,0,10,0,0,0,0,10,0,50,0,0,0,0,0,0,3,0,0,0,0,0,0,0,0,0,0,0,0,0,0,0,0,0,0,0,0,0,0,0,0,0,0
Bureau with Pot (middle shelf),150,0,5,0,30,0,0,30,0,0,0,0,0,0,5,0,0,0,30,30,0,0,0,15,5,1,0,0,0,0,0,0,0,0,0,0,0,0,0,0,0,3,0,0,0,0,0,0,0,0,0,0,0,0,0,0,0,0,0,0,0,0,0,0,0,0,0,0
Bureau with Pot (bottom shelf),151,0,5,0,20,0,0,20,0,0,0,0,0,0,5,0,0,0,20,20,0,0,0,5,5,1,0,0,0,0,0,0,0,0,0,0,0,0,0,0,20,3,0,0,0,0,0,0,0,0,0,0,0,0,0,0,0,0,0,0,0,5,0,0,0,0,0,0
Bureau with Pot (left pot),152,0,0,10,0,100,0,0,0,0,70,0,0,120,0,0,0,0,0,0,20,0,0,0,20,1,0,0,10,0,0,0,0,0,0,0,0,0,0,100,0,3,0,0,0,0,0,0,0,0,0,0,0,0,0,0,0,0,0,0,0,0,0,0,0,0,0,0
Bureau with Pot (right pot),153,0,0,10,0,70,0,0,0,0,70,0,0,100,0,0,0,0,0,0,15,0,0,0,30,1,0,0,10,0,0,0,30,0,0,0,0,0,0,0,0,3,0,0,0,0,0,0,0,0,0,0,0,0,0,0,0,0,0,0,0,0,0,0,0,0,0,0
Tower of Treats (bottom left),154,10,0,10,0,30,0,0,20,15,0,20,0,100,0,100,15,0,30,0,0,0,5,0,0,1,15,0,0,0,20,40,0,10,0,0,0,0,0,0,10,3,10,0,0,0,0,0,0,0,0,0,0,0,0,0,0,0,0,0,0,0,0,0,0,0,0,0
Tower of Treats (bottom right),155,0,20,5,20,60,0,0,0,0,20,0,0,120,0,0,0,0,0,0,0,0,5,10,0,1,0,0,10,0,0,0,10,0,0,0,0,0,0,0,20,3,10,0,0,0,0,0,0,0,0,0,0,0,0,0,0,0,0,0,0,0,0,0,0,0,0,0
Tower of Treats (bottom center),156,0,0,0,20,0,30,0,0,0,0,20,0,0,50,150,0,0,0,0,0,0,5,0,0,1,0,10,20,0,0,0,0,0,0,0,0,0,0,0,0,3,10,0,0,0,0,0,0,0,0,0,0,0,0,0,0,0,0,0,0,0,0,0,0,0,0,0
Tower of Treats (top left),157,0,20,0,0,0,0,0,0,0,0,0,0,20,50,120,0,0,0,0,0,30,5,0,0,1,0,5,0,20,0,0,0,0,0,0,0,0,0,0,0,3,10,0,0,0,0,0,0,0,0,0,0,0,0,0,0,0,0,0,0,0,0,0,0,0,0,0
Tower of Treats (top right),158,0,10,0,0,50,40,0,0,0,30,0,0,150,50,100,0,0,0,0,0,20,5,0,0,1,0,10,0,0,0,0,5,1,80,0,0,0,0,0,0,3,10,0,0,0,0,0,0,0,0,0,0,0,0,0,0,0,0,0,0,0,0,0,0,0,0,0
Tower of Treats (Saph/Jeeves only),159,0,0,0,0,0,0,0,0,0,0,0,0,0,0,0,0,0,0,0,0,0,0,0,0,0,0,0,0,0,0,0,0,0,0,0,0,0,0,0,0,0,0,0,0,0,0,0,0,0,0,0,0,0,0,0,0,0,0,0,0,0,20,0,0,0,0,0
Tower of Treats (Saph/Jeeves only),160,0,0,0,0,0,0,0,0,0,0,0,0,0,0,0,0,0,0,0,0,0,0,0,0,0,0,0,0,0,0,0,0,0,0,0,0,0,0,0,0,0,0,0,0,0,0,0,0,0,0,0,0,0,0,0,0,0,0,0,0,0,0,0,0,0,0,0
Tunnel (I Piece) (front),161,2,5,30,0,0,0,40,0,0,20,0,0,80,0,0,0,0,0,60,0,0,10,30,0,1,15,0,15,0,0,0,0,0,0,0,0,0,80,0,0,3,0,0,0,0,0,0,0,0,0,0,0,0,0,0,0,0,0,0,0,0,0,0,0,0,0,0
Tunnel (I Piece) (back),162,5,0,150,0,60,0,0,0,0,20,0,0,80,0,0,0,0,100,0,0,0,10,0,30,1,15,0,15,0,0,0,0,0,0,0,0,80,0,0,0,3,0,0,0,0,0,0,0,0,0,0,0,0,0,0,0,0,0,0,0,0,0,0,0,0,0,0
Tunnel (U Piece) (left),163,2,0,70,0,60,0,0,0,0,20,0,0,80,0,0,0,0,100,0,0,0,10,0,0,1,15,0,15,0,0,0,0,0,0,0,0,0,50,0,30,3,0,0,0,0,0,0,0,0,0,0,0,0,0,0,0,0,0,0,0,0,0,0,0,0,0,0
Tunnel (U Piece) (right),164,2,0,70,10,60,40,0,0,0,20,0,0,80,0,0,0,0,100,30,0,0,10,30,0,1,15,0,15,0,0,0,0,0,0,0,0,50,0,0,0,3,0,0,0,0,0,0,0,0,0,0,0,0,0,0,0,0,0,0,0,0,0,0,0,0,0,0
Tunnel (T Piece) (left or right),165,0,2,120,0,100,0,40,0,0,60,0,80,160,0,0,0,0,0,0,0,0,10,0,0,1,10,0,12,0,0,0,0,0,0,0,0,0,0,0,0,3,0,0,0,0,0,0,0,0,0,0,0,0,0,0,0,0,0,0,0,0,0,0,0,0,0,0
Tunnel (T Piece) (left or right),166,0,2,120,0,100,0,40,0,0,60,0,80,160,0,0,0,0,0,0,0,0,10,0,0,1,10,0,12,0,0,0,0,0,0,0,0,0,0,0,0,3,0,0,0,0,0,0,0,0,0,0,0,0,0,0,0,0,0,0,0,0,0,0,0,0,0,0
Tunnel (T Piece) (front),167,2,2,30,0,0,0,40,0,0,20,0,0,80,0,0,0,0,0,0,0,0,10,0,0,1,10,0,12,0,0,0,0,0,0,0,0,0,0,0,0,3,0,0,0,0,0,0,0,0,0,0,0,0,0,0,0,0,0,0,0,0,0,0,0,0,0,0
Tunnel (3D Piece) (front),168,2,0,70,10,60,40,0,0,0,20,0,0,80,0,0,0,0,100,0,0,0,10,0,0,1,5,0,10,0,0,0,0,0,0,0,0,0,0,0,0,3,0,0,0,0,0,0,0,0,0,0,0,0,0,0,0,0,0,0,0,0,0,0,0,0,0,0
Tunnel (3D Piece) (left),169,2,2,30,0,0,0,40,0,0,20,0,0,80,0,0,0,0,0,0,0,0,10,30,0,1,5,0,10,0,0,0,0,0,0,0,0,0,0,0,0,3,0,0,0,0,0,0,0,0,0,0,0,0,0,0,0,0,0,0,0,0,0,0,0,0,0,0
Tunnel (3D Piece) (right),170,0,2,120,0,100,0,40,0,0,60,0,80,160,0,0,0,0,0,0,0,0,10,0,50,1,10,0,10,0,0,0,0,0,0,0,0,0,0,0,0,3,0,0,0,0,0,0,0,0,0,0,0,0,0,0,0,0,0,0,0,0,0,0,0,0,0,0
Tunnel (3D Piece) (top),171,0,2,120,0,100,0,40,0,0,60,0,80,160,0,0,0,0,0,0,0,0,10,0,0,1,5,20,10,0,0,0,0,0,0,0,0,0,0,0,30,3,0,0,20,0,0,0,0,0,0,0,0,0,0,0,0,0,0,0,0,0,0,0,0,0,0,0
Carp Tunnel (front),172,1,5,70,0,100,0,0,0,0,10,0,0,0,5,50,0,0,0,0,0,0,10,0,0,1,0,0,0,0,0,15,0,0,0,0,0,0,0,0,20,3,0,0,0,0,0,0,0,0,0,0,0,0,0,0,0,0,0,0,0,0,0,0,0,0,0,0
Carp Tunnel (back),173,1,5,70,0,100,0,0,0,0,10,0,0,0,5,50,0,0,0,0,0,0,10,0,20,1,0,0,0,0,0,15,0,0,0,0,0,0,0,0,0,3,0,0,0,0,0,0,0,0,0,0,0,0,0,0,0,0,0,0,0,0,0,0,0,0,0,0
Fish-stick Tunnel (front),174,0,0,80,0,0,0,20,5,0,0,0,0,0,0,50,0,0,0,0,0,0,10,30,0,2,0,0,0,0,0,15,0,0,0,0,0,0,0,0,0,3,0,0,10,0,0,0,0,0,0,0,0,0,0,0,0,0,0,0,0,0,0,0,0,0,0,0
Fish-stick Tunnel (back),175,0,0,80,0,0,0,20,5,0,0,0,0,0,0,50,0,0,50,0,0,0,10,30,20,2,0,0,0,0,0,15,0,0,0,0,0,0,0,0,0,3,0,0,10,0,0,0,0,0,0,0,0,0,0,0,0,0,0,0,0,0,0,0,0,0,0,0
Cow Tunnel (left),176,3,3,60,20,0,5,0,0,10,0,0,0,0,0,0,5,0,0,0,0,0,10,0,0,1,0,0,50,0,0,15,0,0,0,0,0,0,0,0,0,3,15,0,0,0,0,0,0,0,0,0,0,0,0,0,0,0,0,0,0,0,0,0,0,0,0,0
Cow Tunnel (right),177,3,3,60,20,0,0,0,0,10,0,0,0,0,0,0,5,0,0,0,0,0,10,0,0,1,0,0,0,0,0,15,0,0,0,0,10,0,0,0,0,3,15,0,0,0,0,0,0,0,0,0,0,0,0,0,0,0,0,0,0,0,0,0,0,0,0,0
Doughnut Tunnel (left),178,0,3,70,20,0,0,0,0,0,0,0,0,0,0,50,0,0,0,0,0,0,10,0,0,2,0,0,15,0,0,0,0,0,0,15,0,0,0,0,0,3,0,0,0,0,0,0,0,0,0,0,0,0,0,0,0,0,0,0,0,0,0,0,0,0,0,0
Doughnut Tunnel (right),179,5,3,70,0,0,0,0,0,0,0,0,0,0,0,50,0,0,0,0,0,0,10,20,0,2,0,0,15,0,0,15,0,0,0,0,0,0,0,0,0,3,0,0,0,0,0,0,0,0,0,0,0,0,0,0,0,0,0,0,0,0,0,0,0,0,0,0
Snow Sled (front),180,0,0,0,0,30,20,0,0,0,50,0,0,60,0,0,0,0,0,0,0,10,5,0,0,1,0,0,15,0,0,0,0,0,0,0,0,0,0,0,0,3,0,0,20,0,0,0,0,0,0,0,0,0,0,0,0,0,0,0,0,5,0,0,0,0,0,0
Snow Sled (back),181,0,0,10,0,0,10,30,0,0,10,40,0,30,0,0,0,0,0,0,0,20,5,0,10,1,5,0,15,0,0,0,0,0,0,40,0,0,0,0,0,3,0,0,0,0,0,0,0,0,0,0,0,0,0,0,0,0,0,0,0,5,0,0,0,0,0,0
Choco Cornet Tunnel,182,20,0,80,0,0,0,0,0,0,0,0,0,0,0,70,0,0,0,0,0,0,5,20,5,1,0,0,0,0,0,30,0,50,0,0,0,0,0,0,0,3,25,0,30,0,0,0,0,0,0,0,0,0,0,0,0,0,0,0,0,0,0,0,0,0,0,0
Tail-thing Teaser,183,10,80,0,0,100,0,0,0,0,10,0,0,0,0,0,0,0,30,0,0,0,0,0,0,1,40,5,0,0,0,0,20,0,0,0,0,50,0,0,0,3,0,0,40,0,0,0,0,0,0,0,0,0,0,0,0,0,0,0,0,0,0,0,0,0,0,0
Wing-thing Teaser,184,10,80,0,0,120,0,0,0,0,0,0,50,0,0,0,0,0,30,0,0,0,0,0,0,1,0,5,0,0,0,0,30,0,0,0,0,80,0,0,0,3,0,0,0,0,0,0,0,0,0,0,0,0,0,0,0,0,0,0,0,0,0,0,0,0,0,0
Mister Mouse,185,0,60,10,0,120,0,0,0,0,50,0,50,0,0,0,0,0,0,0,0,0,0,30,0,1,0,10,0,0,0,0,30,0,0,0,0,100,0,0,0,3,0,0,50,0,100,0,0,0,0,0,0,0,0,0,0,0,0,0,0,0,0,0,0,0,0,0
Mister Dragonfly,186,0,60,10,0,160,0,0,0,0,50,0,0,0,0,0,0,0,0,0,0,0,0,0,30,1,0,5,0,0,0,0,20,0,0,0,0,80,0,0,0,3,0,0,0,0,0,0,0,0,0,0,0,0,0,0,0,0,0,0,0,0,0,0,0,0,0,0
Busy Bee,187,0,30,5,0,150,0,0,0,0,0,0,0,0,0,0,0,0,0,0,0,50,0,0,0,1,0,0,0,0,0,0,70,0,0,0,0,0,0,100,0,3,0,0,80,0,0,0,0,0,0,0,0,0,0,0,0,0,0,0,0,0,0,0,0,0,0,0
Twisty Rail,188,0,30,0,10,90,0,0,0,0,0,0,0,0,20,0,30,0,0,30,0,0,20,0,0,8,30,0,5,5,0,0,0,0,0,0,0,100,0,120,0,3,0,0,0,0,0,0,0,0,0,0,100,0,0,0,0,0,0,0,0,0,0,0,0,0,0,0
Wild-thing Teaser,189,10,30,0,0,0,0,30,0,0,0,0,0,10,0,0,0,0,0,0,0,30,0,0,0,1,0,5,0,0,0,0,20,0,0,0,50,50,0,0,0,3,0,0,0,0,0,0,0,0,0,0,0,0,0,0,0,0,0,0,0,0,0,0,0,0,0,0
Butterfly Swarm,190,20,10,0,5,0,0,0,0,30,0,0,3,0,0,5,0,0,0,0,0,30,0,0,0,1,0,50,0,0,0,0,70,0,0,0,0,0,0,150,0,3,0,0,0,0,0,0,0,0,0,0,0,0,0,0,0,0,0,0,0,0,0,0,0,0,0,0
Kick Toy (Mouse),191,0,60,20,0,80,0,0,0,0,40,0,60,0,0,0,0,0,0,0,0,0,0,40,0,2,0,20,0,0,0,20,0,0,0,0,0,0,40,0,0,3,0,0,0,0,0,0,0,0,0,0,0,0,0,0,0,0,0,0,0,0,0,0,0,0,0,0
Kick Toy (Fish),192,0,0,0,0,0,5,20,0,0,0,10,0,0,0,80,0,0,0,0,0,0,0,0,0,2,0,30,0,0,0,15,0,0,0,0,0,0,40,0,0,3,25,0,0,0,0,0,0,0,0,0,0,0,0,0,0,0,0,0,0,0,0,0,0,0,0,0
Kick Toy (Bunny),193,10,70,0,5,0,0,0,0,0,60,0,0,0,0,20,0,0,0,0,20,0,0,0,0,2,0,0,50,0,30,50,0,0,0,0,0,0,70,0,0,3,25,0,30,0,0,0,0,0,0,0,0,0,0,0,0,0,0,0,0,0,0,0,0,0,0,0
Kick Toy (Saury),194,0,0,0,0,0,5,20,0,0,0,15,0,0,0,100,0,0,0,0,0,0,0,0,0,2,0,30,0,0,0,15,0,0,0,0,0,0,40,0,0,3,0,0,0,0,0,0,0,0,0,0,0,0,0,0,0,0,0,0,0,0,0,0,0,0,0,0
Zebra Grass Gadget,195,10,70,0,0,100,0,0,0,0,15,0,0,0,0,0,0,0,30,0,0,0,0,0,0,1,30,5,0,0,0,0,70,0,0,0,0,50,0,0,0,3,0,0,0,0,0,0,0,0,0,0,0,0,0,0,0,0,0,0,0,0,0,0,0,0,0,0
Fluff-thing Teaser,196,10,15,0,0,0,0,15,0,0,0,0,0,5,0,0,0,0,0,0,0,30,0,0,0,1,0,10,0,0,0,0,10,30,0,0,50,50,0,0,0,3,0,0,0,0,0,0,0,0,0,0,0,0,0,0,0,0,0,0,0,0,0,0,0,0,0,0
Paper Bag,197,10,5,5,0,10,0,0,0,10,5,0,0,15,0,0,75,0,20,5,0,0,15,0,20,1,0,5,0,0,0,0,70,0,0,0,0,70,0,80,0,3,0,0,0,0,0,0,0,0,0,0,0,0,0,0,0,0,0,0,0,0,0,0,0,0,0,0
Plastic Bag,198,5,0,5,0,5,0,0,5,0,0,0,0,0,0,0,100,0,0,5,0,0,15,0,15,1,0,5,0,0,0,0,50,0,0,0,0,0,70,80,0,3,0,0,0,0,0,0,0,0,0,0,0,0,0,0,0,0,0,0,0,0,0,0,0,0,0,0
Scratching Board,199,0,10,0,10,50,0,0,0,0,0,0,50,30,0,0,0,30,0,30,0,0,10,0,0,1,0,0,0,30,0,0,30,0,30,0,0,0,50,0,0,3,0,0,20,0,0,0,0,0,0,0,0,0,0,0,0,0,0,0,0,0,0,0,0,0,0,0
Scratching Post,200,0,0,10,0,0,30,0,0,0,50,0,30,0,0,0,0,0,0,30,0,0,10,0,0,1,0,15,0,0,0,0,30,0,20,0,0,50,0,0,0,3,0,0,20,0,0,0,0,0,0,0,0,0,0,0,0,0,0,0,0,0,0,0,0,0,0,0
Scratching Log,201,0,0,0,0,0,0,50,0,0,50,50,50,0,100,0,0,0,0,30,30,0,10,5,0,1,0,0,0,0,0,0,0,0,40,0,0,0,0,0,0,3,30,0,30,0,0,0,0,0,0,0,0,0,100,0,0,0,0,0,0,0,0,0,0,0,0,0
Earthenware Pot,202,10,0,10,80,0,0,50,100,100,0,50,0,80,50,50,70,50,50,10,20,30,0,0,30,1,30,0,0,0,0,0,0,0,0,0,0,0,20,70,20,3,0,0,0,0,0,0,100,0,0,0,0,0,0,0,0,0,0,0,0,0,0,0,0,0,0,0
Planter,203,3,0,0,30,30,0,0,0,50,50,0,0,50,0,0,0,30,30,0,0,0,0,15,0,1,0,0,0,0,0,0,0,0,0,100,0,0,0,20,0,3,0,0,0,0,0,0,0,0,0,0,0,0,0,0,0,0,0,0,0,0,0,0,0,0,0,0
Goldfish Bowl,204,10,0,0,150,50,0,50,70,70,0,0,0,0,30,50,0,0,30,10,0,0,40,0,0,1,0,0,5,40,0,0,0,0,0,50,0,0,0,100,0,3,25,0,0,0,0,0,0,0,0,0,0,0,0,0,0,0,0,0,0,0,0,0,0,0,0,0
Fruit Basket,205,10,0,0,0,0,0,10,0,30,0,0,0,0,0,30,0,20,0,0,0,0,0,0,20,1,0,0,0,0,0,0,0,0,0,50,0,0,0,0,0,3,0,0,15,0,0,0,0,0,0,0,0,0,0,0,0,0,0,0,0,0,0,0,0,0,0,0
Warm Sock,206,20,10,0,0,0,0,30,20,50,0,0,0,0,0,0,20,0,0,50,0,0,0,0,0,1,0,0,3,0,0,0,0,50,0,0,0,0,40,0,0,3,0,15,0,0,0,0,0,0,0,0,0,0,0,0,0,0,0,0,0,0,0,0,0,0,0,0
Pom-pom Sock,207,20,10,0,100,0,0,0,20,0,0,0,0,0,30,0,20,30,0,0,0,0,0,0,0,1,0,0,3,0,20,0,30,40,0,0,10,0,50,0,0,3,15,15,0,0,0,0,0,0,0,0,0,0,0,0,0,0,0,0,0,0,0,0,0,0,0,0
Clay Pot,208,0,0,0,30,0,0,30,0,0,0,0,0,0,3,0,0,0,30,30,0,0,0,15,0,1,0,0,0,0,0,0,0,0,0,0,0,0,0,50,0,3,0,20,0,0,0,0,0,0,0,0,0,0,0,0,0,0,0,0,0,0,0,0,0,0,0,0
Bucket (Blue),209,0,0,20,0,40,0,0,0,0,10,0,0,5,0,0,0,0,30,0,0,0,0,15,0,1,0,0,0,0,0,0,0,0,0,50,0,0,0,0,15,3,0,20,10,0,0,0,0,0,0,0,0,0,0,0,0,0,0,0,0,0,0,0,0,0,0,0
Pickling Pot,210,0,5,0,15,0,0,20,0,0,0,0,0,0,3,0,0,0,20,20,0,0,0,5,5,1,0,0,0,0,0,0,0,0,0,0,0,0,0,30,0,3,0,20,0,0,0,0,0,0,0,0,0,0,0,0,0,0,0,0,0,0,0,0,0,0,0,0
Bucket (Red),211,0,0,15,0,45,0,5,0,0,5,0,0,0,0,0,0,0,15,3,0,0,0,10,0,1,0,0,0,0,20,0,0,0,0,50,0,0,0,0,15,3,0,20,10,0,0,0,0,0,0,0,0,0,0,0,0,0,0,0,0,0,0,0,0,0,0,0
Bucket (Yellow),212,0,0,10,0,50,0,5,0,0,0,0,0,0,0,0,0,0,0,5,0,0,0,20,0,1,0,10,0,0,0,0,0,0,0,50,0,0,0,0,15,3,0,20,10,0,0,0,0,0,0,0,0,0,0,0,0,0,0,0,0,0,0,0,0,0,0,0
Glass Vase,213,1,1,30,1,30,1,10,1,1,1,1,1,20,1,15,1,1,1,1,1,20,1,10,1,3,1,5,1,1,1,1,1,1,1,40,1,1,1,1,1,3,1,20,5,0,0,0,0,0,0,0,0,0,0,0,100,0,0,0,0,0,0,0,0,0,0,0
Wood Pail,214,10,0,5,50,0,0,10,100,30,0,0,0,20,0,25,0,15,10,0,0,0,0,0,50,1,0,0,0,0,0,0,15,0,0,0,0,0,0,0,0,3,0,0,0,0,0,0,0,0,0,0,0,0,0,0,0,0,0,0,0,0,0,0,0,0,0,0
Cat Macaron (Pink),215,30,0,0,0,0,0,0,0,20,0,20,0,0,5,50,0,0,0,0,0,0,0,0,0,5,20,0,0,0,0,20,15,0,20,0,0,0,0,0,0,3,0,0,0,0,0,0,0,0,0,0,0,0,0,0,0,0,0,0,0,0,0,0,0,0,0,0
Cat Macaron (Green),216,30,0,0,0,0,0,0,0,5,0,30,0,0,5,50,0,0,0,0,0,0,0,0,0,5,15,0,0,0,0,20,15,0,20,0,0,0,0,0,0,3,0,0,0,0,0,0,0,0,0,0,0,0,0,0,0,0,0,0,0,0,0,0,0,0,0,0
Cat Pancake,217,0,0,0,5,0,0,0,30,0,0,0,0,0,15,70,15,0,20,20,0,0,0,0,0,1,10,0,0,30,0,30,5,0,20,0,0,0,0,0,10,3,0,0,0,0,0,0,0,0,0,0,0,0,0,0,0,0,0,0,0,0,0,0,0,0,0,0
Cowboy Hat (wearing),218,0,0,0,0,30,30,0,0,0,20,0,0,50,0,0,10,0,0,30,0,0,0,0,30,1,0,0,0,0,0,15,0,0,0,0,0,0,70,0,0,3,0,0,0,0,0,0,0,0,0,0,0,0,0,0,0,0,0,0,0,0,0,0,0,0,0,0
Cowboy Hat (sitting in),219,10,0,15,10,0,0,15,30,15,0,0,0,0,0,10,20,30,0,0,0,0,0,0,0,1,0,0,10,0,0,30,0,0,0,0,0,70,0,0,0,3,0,0,0,0,0,0,0,0,0,0,0,0,0,0,0,0,0,0,100,0,0,0,0,0,0,0
Rice Kettle,220,10,0,5,0,0,0,20,30,30,0,0,0,20,0,30,0,0,0,0,0,0,0,0,30,1,0,0,0,0,0,0,0,0,0,0,0,0,0,30,0,3,0,0,0,0,0,0,0,0,0,0,0,0,0,0,0,0,0,0,0,0,0,0,0,0,0,0
Lacquered Bowl,221,15,0,5,0,0,0,20,30,0,0,20,0,0,100,30,0,0,0,5,0,0,0,0,20,1,0,0,0,0,0,0,0,0,0,0,0,0,0,0,0,3,20,0,0,0,0,0,0,0,0,0,0,0,0,0,0,0,0,0,0,0,0,0,0,0,0,0
Colorful Sock,222,15,10,0,0,0,0,0,0,0,0,0,0,0,20,0,20,30,0,15,0,0,0,0,0,1,0,0,3,0,0,0,30,0,0,0,0,0,50,0,0,3,0,0,0,0,0,0,0,0,0,0,0,0,0,0,0,0,0,0,0,0,0,0,0,0,0,0
Lacquered Bowl (Kathmandu only),223,0,0,0,0,0,0,0,0,0,0,0,0,0,0,0,0,0,0,0,0,0,0,0,0,0,0,0,0,0,0,0,0,0,0,0,0,0,0,0,0,0,0,0,0,0,0,0,0,0,0,0,0,0,0,0,0,5,0,0,0,0,0,0,0,0,0,0
Honey Pot,224,0,0,0,10,0,0,15,0,0,0,0,0,0,0,50,0,0,10,10,0,0,0,20,20,1,0,0,0,0,0,0,0,0,0,0,0,0,0,50,0,3,0,0,10,0,0,0,0,0,0,0,0,0,0,0,0,0,0,0,0,0,0,0,0,0,0,0
Cream-puff House,225,20,0,0,0,0,0,0,0,15,0,10,0,0,10,70,0,0,0,0,0,0,0,0,0,3,5,0,0,0,0,20,5,0,20,0,0,0,0,0,0,3,0,0,20,0,0,0,0,0,0,0,0,0,0,0,0,0,0,0,0,0,0,0,0,0,0,0
Kotatsu (front l or r),226,40,40,0,0,80,0,0,70,80,0,50,20,0,0,50,50,0,0,0,0,0,20,0,0,1,0,5,15,0,0,0,0,0,0,0,0,0,0,0,0,3,0,0,0,0,0,0,0,0,0,0,0,0,0,0,0,0,0,0,0,0,0,0,0,0,0,0
Kotatsu (front l or r),227,40,40,0,0,80,0,0,70,80,0,50,20,0,0,50,50,0,0,0,0,0,20,0,0,1,0,5,15,0,0,0,0,0,0,0,0,0,0,0,0,3,20,0,0,0,0,0,0,0,0,0,0,0,0,0,0,0,0,0,0,0,0,0,0,0,0,0
Kotatsu (right),228,40,0,20,0,0,30,0,70,80,0,0,20,0,0,50,50,0,30,0,50,0,20,0,30,1,0,0,15,0,0,0,0,30,0,0,0,0,0,0,20,3,0,0,0,0,0,0,0,0,0,0,0,0,0,0,0,0,0,0,0,0,0,0,0,0,0,0
Kotatsu (top),229,0,40,0,30,0,50,80,0,50,10,0,20,10,30,0,0,0,0,20,0,50,20,10,0,1,20,0,0,30,10,0,0,0,80,0,0,0,0,0,0,3,0,0,30,0,0,0,0,30,0,0,0,0,0,0,0,0,0,0,0,0,0,0,0,0,0,0
Hot Mat (Large) (top),230,20,15,30,0,0,0,0,25,30,5,0,0,0,0,0,0,0,0,0,0,0,0,0,0,1,0,0,5,0,0,30,0,30,0,0,0,0,0,10,0,3,0,0,0,0,0,0,0,0,0,0,0,0,0,0,0,0,0,0,0,0,0,0,0,0,0,0
Hot Mat (Large) (center),231,20,15,0,50,0,0,0,25,30,0,30,0,0,0,0,0,0,0,0,30,0,0,0,0,1,0,0,5,0,0,30,0,0,0,15,0,0,0,10,0,3,0,0,10,0,0,0,0,0,0,0,0,0,0,0,0,0,0,0,0,0,0,0,0,0,0,0
Hot Mat (Large) (botom),232,20,15,0,0,0,0,30,25,30,0,0,0,0,0,0,0,50,0,0,0,30,0,0,0,1,0,0,5,0,0,25,0,0,0,0,0,0,0,10,20,3,30,0,10,0,0,0,0,0,0,0,0,0,0,0,0,0,0,0,0,0,0,0,0,0,0,0
Hot Mat (Small),233,20,10,0,0,0,10,40,25,30,0,30,20,10,30,0,0,0,30,50,0,0,50,0,0,1,0,0,5,0,0,0,0,0,30,0,0,0,0,0,0,3,0,0,0,0,0,0,0,0,0,0,0,0,0,0,0,0,0,0,0,0,0,0,0,0,0,0
Heating Stove (right),234,0,0,0,30,0,0,0,0,0,50,0,0,0,0,0,10,0,0,0,0,30,0,0,0,1,0,20,5,0,0,0,0,20,0,0,0,0,0,10,0,3,0,0,0,0,0,0,0,0,0,0,0,0,0,0,0,0,0,0,0,0,0,0,0,0,0,0
Heating Stove (left),235,15,0,0,0,0,0,25,0,0,0,0,0,0,0,30,10,0,0,0,0,0,0,30,0,1,0,0,5,0,20,0,0,0,0,0,0,0,0,10,0,3,0,0,0,0,0,0,0,0,0,0,0,0,0,0,0,0,0,0,0,0,0,0,0,0,0,0
Heating Stove (center),236,15,0,0,0,0,0,0,0,15,0,0,0,30,0,0,10,10,30,0,0,0,20,0,0,1,0,0,5,0,0,0,0,0,0,0,20,0,0,10,0,3,0,0,0,0,0,0,0,0,0,0,0,0,0,0,100,0,0,0,0,0,0,0,0,0,0,0
Panel Heater (right),237,0,0,0,20,40,0,0,0,0,0,20,0,0,0,0,10,0,0,0,0,30,0,0,0,1,0,0,5,0,0,0,30,20,0,0,0,0,50,0,0,3,0,0,0,0,0,0,0,0,0,0,0,0,0,0,0,0,0,0,0,0,0,0,0,0,0,0
Panel Heater (left),238,15,20,0,0,0,0,0,0,15,0,30,10,0,10,0,10,10,0,0,0,0,20,0,0,1,30,0,5,20,0,0,0,0,0,0,0,50,0,0,0,3,0,0,0,0,0,0,0,0,0,0,0,0,0,0,0,0,0,0,0,0,0,0,0,0,0,0
Space Heater (right),239,0,0,10,20,0,40,0,0,0,0,0,0,0,0,0,10,0,0,0,0,30,0,0,0,1,0,0,5,0,0,0,20,0,0,0,0,0,0,10,0,3,0,0,0,0,0,0,0,0,0,0,0,0,0,0,0,0,0,0,0,0,0,0,0,0,0,0
Space Heater (center),240,15,20,10,0,0,0,0,30,0,0,0,0,0,0,0,10,0,0,0,20,0,0,0,0,1,0,0,5,0,0,15,0,20,0,0,0,0,0,10,20,3,0,0,0,0,0,0,0,0,0,0,0,0,0,0,0,0,0,0,0,0,0,0,0,0,0,0
Space Heater (left),241,15,20,10,0,0,0,0,0,15,0,0,0,0,0,0,10,10,0,10,0,0,20,0,0,1,0,0,5,0,0,15,0,0,0,0,0,0,0,10,0,3,0,0,0,0,0,0,0,0,0,0,0,0,0,0,0,0,0,0,0,0,0,0,0,0,0,0
Pepper (top),242,0,0,10,30,20,0,0,0,0,5,0,0,10,0,0,0,0,0,0,0,10,0,5,0,1,0,5,0,0,0,0,0,20,0,0,10,30,0,0,0,3,0,0,5,0,0,0,0,0,0,0,0,0,0,0,0,0,0,0,0,0,0,0,0,0,0,0
Pepper (left),243,0,10,0,0,0,5,0,0,10,0,0,5,0,15,3,0,3,2,2,0,0,5,0,3,1,4,0,0,10,2,0,0,0,0,0,0,0,30,0,0,3,0,0,0,0,0,0,0,0,0,0,0,0,0,0,0,0,0,0,0,0,0,0,0,0,0,0
Pepper (right),244,15,0,0,0,0,0,10,10,0,0,5,0,0,0,0,3,0,0,0,10,0,0,0,0,1,0,0,30,0,2,0,0,0,0,0,0,0,0,0,0,3,10,5,0,0,0,0,0,0,0,0,0,0,0,0,0,0,0,0,0,0,0,0,0,0,0,0
Pile of Leaves,245,30,30,20,0,50,0,0,0,80,5,0,0,0,0,30,50,0,20,0,20,0,30,0,15,1,0,5,15,0,0,0,0,0,0,15,0,0,0,0,0,3,20,0,70,0,0,0,0,0,0,0,0,0,0,0,0,0,0,0,0,0,0,0,0,0,0,0
Sunken Fireplace (right),246,20,15,0,30,0,0,30,60,60,0,0,0,0,30,20,20,0,0,0,20,0,0,10,0,1,0,0,15,0,0,25,0,0,0,0,0,0,0,0,0,3,20,0,0,0,0,0,0,0,0,0,0,0,0,0,0,0,0,0,0,0,0,0,0,0,0,0
Sunken Fireplace (left),247,20,15,0,0,0,0,0,45,60,0,0,20,0,0,0,20,10,0,0,0,30,20,0,0,1,20,5,15,0,0,0,0,0,0,30,0,0,0,0,0,3,0,0,0,0,0,0,0,0,0,0,0,0,0,0,0,0,0,0,0,0,0,0,0,0,0,0
Sunken Fireplace (center),248,20,15,0,0,0,0,0,60,70,0,50,0,0,25,0,20,0,0,0,0,0,20,0,0,1,0,0,15,10,0,20,0,15,0,0,0,0,0,0,0,3,0,0,0,0,0,0,0,0,0,0,0,0,0,0,0,0,0,0,0,0,0,0,0,0,0,0
Hot-Water Bottle,249,20,10,0,0,0,10,40,25,30,0,30,20,10,0,0,0,0,10,40,0,0,40,0,0,1,0,0,5,0,0,0,0,20,30,0,0,0,0,0,10,3,0,0,0,0,0,0,0,0,0,0,0,0,0,0,0,0,0,0,0,0,0,0,0,0,0,0
Sunken Fireplace (Chairman Meow Only),250,0,0,0,0,0,0,0,0,0,0,0,0,0,0,0,0,0,0,0,0,0,0,0,0,0,0,0,0,0,0,0,0,0,0,0,0,0,0,0,0,0,0,0,0,0,0,0,5,0,0,0,0,0,0,0,0,0,0,0,0,0,0,0,0,0,0,0
Manta Gel Mat,251,30,0,5,0,30,30,0,0,0,0,0,0,20,0,15,10,0,0,0,0,0,10,0,0,1,0,0,0,0,0,0,0,0,0,0,40,0,0,0,0,3,0,0,0,0,0,0,0,0,0,0,0,0,0,0,0,0,0,0,0,0,0,0,0,0,0,0
Mister Penguin,252,0,0,10,0,0,0,30,0,40,0,0,40,30,60,0,0,0,0,0,0,50,0,0,0,1,0,0,0,0,0,0,0,0,0,0,15,0,0,0,0,3,0,0,15,0,0,0,0,0,0,0,0,0,0,0,0,0,0,0,0,0,0,0,0,0,0,0
Aluminium Bowl,253,0,0,0,0,0,30,0,0,0,0,10,0,0,0,0,0,5,0,0,0,0,10,0,0,1,0,0,0,0,0,0,0,0,10,0,80,0,15,0,0,3,0,0,0,0,0,0,0,0,0,0,0,0,0,0,0,0,0,0,0,0,0,0,0,0,0,0
Grass Cushion (Red),254,20,0,0,0,0,0,0,40,30,0,20,0,0,20,0,60,50,0,10,0,0,10,15,0,1,0,0,0,0,0,30,0,0,0,0,0,0,30,0,0,3,0,20,0,0,0,0,0,0,0,0,0,0,0,0,0,0,0,0,0,5,0,0,0,0,0,0
Grass Cushion (Navy),255,15,10,0,0,0,0,0,30,30,0,20,0,0,0,0,70,40,0,0,0,0,10,0,0,1,0,0,0,0,30,30,0,0,0,0,0,0,30,0,0,3,0,20,0,0,0,0,0,0,0,0,0,0,0,0,0,0,0,0,0,5,0,0,0,0,0,0
Treasure-box,256,0,0,0,10,60,0,0,0,0,50,0,0,80,0,0,0,0,0,20,0,0,0,0,80,1,0,0,0,0,0,0,0,0,5,0,0,0,80,0,0,3,0,0,10,0,0,0,0,0,0,0,0,0,0,0,0,0,0,0,0,0,0,0,0,0,0,0
Luxury Treasure-box,257,0,20,0,15,30,0,0,0,0,30,0,0,70,0,0,0,0,0,15,0,0,0,0,0,1,0,0,0,0,0,0,0,0,0,0,0,80,0,0,0,3,25,0,10,0,0,0,0,0,0,0,0,0,0,0,0,0,0,0,0,0,0,0,0,0,0,0
Luxury Treasure-box (Bengal Jack only),258,0,0,0,0,0,0,0,0,0,0,0,0,0,0,0,0,0,0,0,0,0,0,0,0,0,0,0,0,0,0,0,0,0,0,0,0,0,0,0,0,0,0,0,0,0,0,0,0,0,0,0,0,0,0,0,0,0,0,0,0,0,0,0,100,0,0,0
Beach Ball,259,0,0,15,10,80,5,30,0,30,0,0,0,20,0,0,0,0,0,0,0,30,20,50,0,1,0,0,0,0,0,0,0,0,0,0,0,0,0,0,0,3,0,0,0,0,0,0,0,0,0,0,0,0,0,0,0,0,0,0,0,0,0,0,0,0,0,0
Dino Deluxe (top),260,0,0,0,0,50,20,0,0,0,60,0,0,20,0,0,0,0,0,0,0,0,10,0,0,1,0,0,0,0,0,0,0,0,0,0,0,80,0,0,0,3,0,0,0,0,0,0,0,0,0,0,0,0,0,0,0,0,0,0,0,0,0,0,0,0,0,0
Dino Deluxe (bottom),261,0,30,0,0,0,0,0,0,0,30,0,50,40,0,0,0,0,0,0,0,0,0,0,0,1,0,10,0,0,0,0,0,0,0,0,0,0,80,0,0,3,0,0,0,0,0,0,0,0,0,0,0,0,0,0,0,0,0,0,0,0,0,0,0,0,0,0
Shell Tunnel (Pink),262,20,0,50,0,0,0,0,0,0,0,0,0,0,0,0,0,0,0,0,0,0,10,20,0,1,0,0,0,0,0,30,0,60,0,0,0,0,0,0,0,3,0,0,10,0,0,0,0,0,0,0,0,0,0,0,0,0,0,0,0,0,0,0,0,0,0,0
Shell Tunnel (Blue),263,15,0,50,0,0,0,0,0,0,0,0,0,0,0,0,0,0,0,0,0,0,10,0,0,1,0,0,0,0,0,20,0,50,0,0,0,0,0,20,0,3,0,0,15,0,0,0,0,0,0,0,0,0,0,0,0,0,0,0,0,0,0,0,0,0,0,0
Shell Tunnel (White),264,15,0,60,0,0,0,0,0,0,0,0,0,0,0,0,0,0,0,0,0,0,10,0,5,1,0,0,0,0,0,20,0,50,0,10,0,0,0,0,0,3,0,0,10,0,0,0,0,0,0,0,0,0,0,0,0,0,0,0,0,0,0,0,0,0,0,0
Egg Bed (White),265,30,0,0,0,0,0,0,0,0,0,0,0,0,50,0,10,0,0,0,0,0,10,0,0,1,0,0,0,0,0,30,0,0,0,10,30,0,0,0,0,3,0,15,0,0,0,0,0,0,0,0,0,0,0,0,0,0,0,0,0,0,0,0,0,0,0,0
Egg Bed (Black),266,0,30,0,0,0,0,0,0,0,0,0,0,0,70,0,0,0,0,0,0,0,10,0,0,1,40,0,0,0,0,10,0,0,0,0,0,0,0,0,0,3,40,15,0,0,0,0,0,0,0,0,0,0,0,0,0,0,0,0,0,0,0,0,0,0,0,0
Egg Bed (Pink),267,30,0,0,10,0,0,0,0,0,0,0,20,0,50,0,0,0,0,0,80,0,10,0,0,1,30,0,0,0,0,10,0,40,0,0,0,0,0,0,0,3,0,15,0,0,0,0,0,0,0,0,0,0,0,0,0,0,0,0,0,0,0,0,0,0,0,0
Mushroom House (inside),268,30,0,0,0,0,0,0,0,0,0,0,0,0,0,20,0,0,0,0,0,0,0,0,30,1,0,0,0,0,0,0,20,40,0,0,0,0,0,0,0,3,0,15,0,0,0,0,0,0,0,0,0,0,0,0,0,0,0,0,0,0,0,0,0,0,0,0
Mushroom House (top),269,0,0,10,0,0,0,0,30,60,40,0,0,10,0,0,0,0,0,0,0,0,10,0,0,1,0,0,0,0,0,20,0,0,0,0,0,0,0,0,0,3,0,15,10,0,0,0,0,0,0,0,0,0,0,0,0,0,0,0,0,0,0,0,0,0,0,0
Shiitake House (inside),270,40,0,0,0,0,0,0,0,0,0,0,0,0,0,20,0,0,0,0,0,0,0,0,0,1,15,0,0,0,0,0,20,30,0,0,0,0,0,0,0,3,0,15,0,0,0,0,0,0,0,0,0,0,0,0,0,0,0,0,0,0,0,0,0,0,0,0
Shiitake House (top),271,0,0,0,40,0,0,0,30,50,0,0,0,0,0,0,40,0,0,0,0,0,10,0,0,1,0,0,0,0,0,0,0,0,0,0,0,0,0,0,0,3,0,15,10,0,0,0,0,0,0,0,0,0,0,0,0,0,0,0,0,0,0,0,0,0,0,0
Shroom House (Red),272,20,0,0,10,0,0,0,0,0,0,0,0,0,0,20,0,50,0,0,0,0,10,0,0,1,0,0,0,0,0,0,0,20,0,0,0,30,0,30,0,3,0,15,0,0,0,0,0,0,0,0,0,0,0,0,0,0,0,0,0,0,0,0,0,0,0,0
Shroom House (Blue),273,0,0,0,0,0,0,0,0,0,0,0,0,0,0,20,0,30,0,0,0,0,10,0,0,1,0,0,0,0,0,0,20,20,0,0,10,0,0,40,0,3,0,15,0,0,0,0,0,0,0,0,0,0,0,0,0,0,0,0,0,0,0,0,0,0,0,0
Shroom House (Green),274,0,0,0,0,0,0,0,0,0,0,0,0,0,0,20,10,30,0,0,0,0,10,0,0,1,0,0,0,0,30,0,0,20,0,0,0,0,0,30,0,3,0,15,0,0,0,0,0,0,0,0,0,0,0,0,0,0,0,0,0,0,0,0,0,0,0,0
Athletic Cat-Gym (bottom left),275,0,0,0,0,0,0,0,0,0,0,0,0,20,0,0,10,0,0,0,0,0,15,0,10,1,0,0,15,0,0,0,0,0,0,0,0,0,30,0,20,3,0,0,0,0,0,0,0,0,0,0,0,0,0,0,0,0,0,0,0,0,0,0,0,0,0,0
Athletic Cat-Gym (bottom right),276,0,0,0,20,0,0,0,0,0,0,0,0,0,0,0,10,0,0,0,0,0,15,0,0,1,0,0,15,0,30,0,15,0,0,0,0,0,20,0,20,3,0,0,0,0,0,0,0,0,0,0,0,0,0,0,0,0,0,0,0,0,0,0,0,0,0,0
Athletic Cat-Gym (2nd from top),277,0,0,0,0,0,0,50,0,0,0,0,0,0,0,0,0,0,0,0,20,0,0,0,20,1,0,0,15,0,0,0,10,0,0,0,0,0,50,20,70,3,20,0,0,0,0,0,0,0,0,0,0,0,0,0,0,0,0,0,0,0,0,0,0,0,0,0
Athletic Cat-Gym (top),278,0,10,10,0,50,30,0,0,0,50,0,0,100,0,0,0,0,0,0,0,20,0,0,0,1,0,10,15,0,0,0,10,0,50,0,0,50,0,0,0,3,0,0,20,0,0,0,0,0,0,0,0,0,0,0,0,0,0,0,0,0,0,0,0,0,0,0
Round Kotatsu (front l or r),279,30,0,0,0,0,0,0,0,60,0,50,20,0,0,50,50,0,0,0,40,0,20,0,0,1,0,5,15,0,0,0,0,0,0,0,0,0,0,0,20,3,40,0,0,0,0,0,0,0,0,0,0,0,0,0,0,0,0,0,0,0,0,0,0,0,0,0
Round Kotatsu (front l or r),280,40,0,0,0,0,0,0,70,60,0,50,20,0,0,50,50,0,0,0,0,0,20,0,0,1,0,5,15,0,0,0,0,30,0,0,0,0,0,0,0,3,0,0,0,0,0,0,0,0,0,0,0,0,0,0,0,0,0,0,0,0,0,0,0,0,0,0
Round Kotatsu (right side),281,30,0,20,0,80,0,0,0,60,0,0,0,0,0,50,50,0,30,0,0,0,20,0,0,1,0,0,15,0,0,0,0,0,0,0,0,0,0,0,0,3,0,0,0,0,0,0,0,0,0,0,0,0,0,0,0,0,0,0,0,0,0,0,0,0,0,0
Round Kotatsu (top),282,0,60,0,0,0,70,80,0,0,0,0,0,10,70,0,0,0,0,0,0,50,20,0,0,1,20,0,0,10,0,30,0,0,0,0,0,0,0,0,0,3,0,0,40,0,0,0,0,0,0,0,0,0,0,0,0,0,0,0,0,0,0,0,0,0,0,0
Plum Coccoon,283,30,0,0,0,0,0,0,0,0,0,30,0,0,50,0,0,0,0,0,20,0,15,0,0,1,0,0,0,0,0,0,0,20,0,0,0,50,0,0,0,3,0,15,5,0,0,0,0,0,0,0,0,0,0,0,0,0,0,0,0,0,0,0,0,0,0,0
Orange Coccoon,284,20,0,0,0,0,0,0,20,0,0,0,0,0,20,0,0,0,0,0,0,0,15,0,10,1,20,0,10,0,0,0,0,40,0,0,0,0,0,0,0,3,25,15,5,0,0,0,0,0,0,0,0,0,0,0,0,0,0,0,0,0,0,0,0,0,0,0
Melon Coccoon,285,0,0,0,0,0,40,0,0,15,0,0,0,0,20,0,0,0,0,0,0,0,15,0,0,1,0,0,0,0,40,0,0,20,0,0,0,20,0,0,0,3,0,15,5,0,0,0,0,0,0,0,0,0,0,0,0,0,0,0,0,0,0,0,0,0,0,0
Berry Coccoon,286,0,0,0,5,0,0,0,0,0,0,50,0,0,20,0,0,0,0,0,0,0,15,0,0,1,20,0,0,0,0,0,0,20,0,0,0,0,0,0,0,3,0,15,5,0,0,0,0,0,0,0,0,0,0,0,0,0,0,0,0,0,0,0,0,0,0,0
Antique Chair (left),287,20,0,0,0,0,0,10,0,30,0,0,0,0,40,0,0,20,0,0,20,0,0,0,0,1,0,0,30,0,0,10,0,0,0,0,0,0,60,0,0,3,0,0,0,0,0,0,0,0,0,0,0,0,0,0,0,0,0,0,0,0,0,0,0,0,0,0
Antique Chair (right),288,0,20,0,0,0,30,0,0,20,0,0,0,0,50,0,20,0,20,0,0,0,0,0,0,1,0,0,30,0,0,5,0,0,0,0,0,60,0,0,15,3,0,0,0,0,0,0,0,0,0,0,0,0,0,0,0,0,0,0,0,0,0,0,0,0,0,0
Snow Dome,289,30,0,0,0,50,0,30,0,50,0,0,0,0,30,30,70,0,30,20,0,0,0,0,0,1,0,0,0,40,0,20,5,0,10,100,0,0,0,50,0,3,0,0,0,0,0,0,0,0,0,0,0,0,0,0,0,0,0,0,0,0,0,0,0,0,0,0
Cardboard (Flat),290,0,0,0,0,0,0,30,0,10,50,0,0,0,0,20,0,70,0,0,0,0,0,0,0,1,0,10,0,0,0,0,40,0,0,60,0,0,0,0,0,3,0,0,0,0,0,0,0,0,0,0,0,0,0,0,0,0,0,0,0,0,0,0,0,0,0,0
Cushion (Lemon),291,15,0,0,0,0,0,0,0,20,0,0,0,0,0,50,0,0,0,0,0,10,5,0,0,1,0,0,0,0,0,0,0,10,0,0,0,0,10,0,0,3,0,15,0,0,0,0,0,0,0,0,0,0,0,0,0,0,0,0,0,0,0,0,0,0,0,0
Cushion (Orange),292,20,0,0,0,0,0,20,0,20,0,0,0,0,0,50,0,0,0,0,0,0,5,10,0,1,0,0,0,0,0,0,0,10,0,0,0,20,0,0,0,3,0,15,0,0,0,0,0,0,0,0,0,0,0,0,0,0,0,0,0,0,0,0,0,0,0,0
Grass Cushion (Green),293,0,0,0,0,0,0,0,0,30,0,0,0,0,0,0,60,20,0,0,0,0,10,0,0,1,0,0,15,0,0,30,0,0,0,0,0,0,15,0,0,3,0,15,0,0,0,0,0,0,0,0,0,0,0,0,0,0,0,0,0,0,0,0,0,0,0,0
Grass Cushion (Purple),294,0,0,0,0,0,0,0,30,0,0,10,0,0,0,0,100,20,0,0,0,0,10,0,0,1,0,0,0,0,0,0,0,0,0,0,0,0,20,0,0,3,0,15,0,0,0,0,0,0,0,0,0,0,0,0,0,0,0,0,0,0,0,0,0,0,0,0
Egg Bed (Nightview) (inside),295,20,15,0,0,0,0,0,0,0,0,0,0,0,100,0,0,10,0,5,0,0,10,0,0,1,0,0,0,0,0,0,0,40,0,0,0,0,0,0,0,3,30,15,0,0,0,0,0,0,0,0,0,0,0,0,0,0,0,0,0,0,0,0,0,0,0,0
Egg Bed (Nightview) (top),296,0,0,0,0,0,0,0,0,0,0,0,0,0,0,0,0,0,0,0,0,0,0,0,0,0,0,0,0,0,0,0,0,0,0,0,0,0,0,0,0,0,0,15,20,0,0,0,0,0,0,0,0,0,0,0,0,0,0,0,0,0,0,0,0,0,10,0
White Head Space,297,10,0,0,0,0,0,0,0,0,0,0,0,0,0,0,0,0,50,0,40,0,0,0,20,1,0,0,0,0,0,0,0,10,0,40,0,0,0,0,0,3,0,10,0,0,0,0,0,0,0,0,0,0,0,0,0,0,0,0,0,0,0,0,0,0,0,0
Aluminium Pot,298,0,0,10,20,0,0,30,0,0,0,10,0,0,0,0,0,0,0,0,0,0,0,0,0,1,0,0,0,0,0,0,0,0,0,0,100,0,5,0,0,3,0,0,0,0,0,0,0,0,0,0,0,0,0,0,0,0,0,0,0,0,0,0,0,0,0,0
Cushion (Choco mint),299,0,0,0,0,0,0,20,0,0,0,0,0,0,0,0,0,10,0,0,0,0,5,25,10,1,0,0,0,0,30,0,0,20,0,0,30,30,0,0,0,3,0,15,0,0,0,0,0,0,0,0,0,0,0,0,0,0,0,0,0,0,0,0,0,0,0,0
Cushion (B&W),300,0,25,0,0,0,0,0,0,0,0,15,0,0,0,0,0,10,10,0,0,0,5,0,0,1,0,0,0,0,0,0,5,20,0,0,0,40,0,0,0,3,0,15,0,0,0,0,0,0,0,0,0,0,0,0,0,0,0,0,0,0,0,0,0,0,0,0
Kokeshi Pot (Blossom),301,40,0,0,0,0,10,20,0,0,0,0,30,0,25,0,0,0,0,0,0,15,10,0,0,2,0,0,25,0,0,0,0,0,0,0,0,0,15,0,20,3,25,15,10,0,0,0,0,0,0,0,0,0,0,0,0,0,0,0,0,0,0,0,0,0,0,0
Kokeshi Pot (Flow),302,0,30,0,0,0,0,20,0,0,0,25,0,0,40,0,0,0,25,5,0,15,10,0,30,2,0,0,0,0,0,0,0,0,0,0,0,0,10,5,0,3,0,15,10,0,0,0,0,0,0,0,0,0,0,0,0,0,0,0,0,0,0,0,0,0,0,0
Kokeshi Pot (Spring),303,5,0,0,60,0,0,20,15,0,0,0,0,0,25,0,10,0,0,0,0,15,10,0,0,2,20,0,0,0,0,0,0,40,0,0,0,0,0,0,0,3,0,15,10,0,0,0,0,0,0,0,0,0,0,0,0,0,0,0,0,0,0,0,0,0,0,0
Giant Cushion (White),304,5,30,15,0,0,5,0,30,20,0,20,0,0,0,0,0,20,0,0,30,0,10,0,0,1,0,0,35,15,0,0,0,0,0,0,30,0,70,0,0,3,15,10,0,0,0,0,0,0,0,0,0,0,0,0,0,0,0,0,0,0,0,0,0,0,0,0
Giant Cushion (White),305,30,5,15,20,0,5,20,20,30,0,0,0,0,0,0,20,0,5,0,30,0,10,0,0,1,0,0,35,0,0,15,0,0,0,0,5,70,0,0,0,3,15,10,0,0,0,0,0,0,0,0,0,12,0,0,0,0,0,0,0,0,0,0,0,0,0,0
Gift Box (Green),306,10,0,10,0,0,0,30,0,30,0,0,0,25,0,40,60,0,0,0,0,0,30,0,0,1,0,10,0,0,0,0,80,0,0,0,0,0,0,15,0,3,0,0,0,0,0,0,0,0,0,0,0,0,0,0,0,0,0,0,0,0,0,0,0,0,0,0
Pinewood Mat,307,30,0,0,15,0,0,0,30,0,0,0,0,0,0,0,0,0,0,15,0,0,0,20,0,1,5,0,0,0,0,10,0,0,15,0,0,0,0,0,20,3,0,0,0,0,0,0,0,0,0,0,0,0,0,0,0,0,0,0,0,0,0,0,0,0,0,0
Cypress Mat,308,0,30,20,15,0,0,0,0,40,0,0,0,10,0,0,0,0,0,0,0,0,0,0,0,1,0,0,0,0,0,0,10,0,0,0,0,0,0,0,0,3,0,0,0,0,0,0,0,0,0,0,0,0,0,0,0,0,0,0,0,0,0,0,0,0,0,0
Iron Teapod,309,0,0,0,29,30,0,5,0,0,0,0,0,5,3,5,0,0,10,0,0,20,0,0,15,1,0,0,10,0,5,0,0,0,10,0,0,20,0,0,0,3,0,0,0,0,0,0,0,0,0,0,0,0,0,0,0,0,0,0,0,0,0,0,0,0,0,0
Jumbo Glass Mug,310,0,0,0,15,30,0,0,0,0,40,0,0,0,0,0,0,0,0,0,0,0,0,20,0,1,0,0,15,0,0,0,0,0,0,30,0,0,0,0,25,3,0,0,0,0,0,0,0,0,0,0,0,0,0,0,0,0,0,0,0,0,0,0,0,0,0,0
Wooden Pail,311,0,0,0,20,0,0,10,20,25,0,0,0,0,5,0,30,0,0,0,0,20,0,10,0,1,0,10,0,0,0,5,0,20,0,25,0,0,30,0,0,3,5,0,20,0,0,0,0,0,0,0,0,0,0,0,0,0,0,0,0,0,0,0,0,0,0,0
Kashiwamochi Cushion,312,0,15,20,0,30,5,0,5,5,0,0,0,0,0,50,10,0,20,0,0,0,0,0,0,1,0,10,0,0,0,0,5,0,0,20,5,0,0,10,0,3,10,15,0,0,0,0,0,0,0,0,0,0,0,0,0,0,0,0,0,0,0,0,0,0,0,0
Strawberry Cocoon,313,30,0,0,0,0,0,0,0,0,0,0,0,0,10,0,0,0,5,0,30,0,0,20,0,3,0,0,0,0,0,30,0,0,0,0,0,0,0,0,0,3,50,15,20,0,0,0,0,0,0,0,0,0,0,0,0,0,0,0,0,0,0,0,0,0,0,0
Kiddy Rucksack (Pink),314,20,35,5,0,50,0,5,0,0,20,0,50,0,5,0,0,0,0,0,0,0,0,20,0,1,0,5,5,0,0,5,0,0,0,0,0,0,20,0,5,3,5,0,0,0,0,0,0,0,0,0,0,0,0,0,0,0,0,0,0,0,0,0,0,0,0,0
Kiddy Rucksack (Blue),315,0,12,0,0,0,0,35,0,0,0,12,0,0,35,80,0,0,12,0,0,0,0,0,12,1,0,12,0,0,0,0,0,0,0,0,0,0,35,0,0,3,12,0,0,0,0,0,0,0,0,0,0,0,0,0,0,0,0,0,0,0,0,0,0,0,0,0
Kiddy Rucksack (Lime),316,0,35,0,35,0,0,5,0,0,35,0,0,0,5,5,0,0,0,0,5,0,0,0,0,1,5,0,20,0,5,20,0,20,0,0,0,0,35,0,0,3,5,0,5,0,0,0,0,0,0,0,0,0,0,0,0,0,0,0,0,0,0,0,0,0,0,0
Bamboo House (inside),317,10,0,0,60,0,0,0,0,60,0,0,0,0,0,0,0,0,0,45,0,15,0,30,15,1,0,0,0,0,0,15,25,0,30,0,0,0,25,0,0,3,0,0,0,0,0,0,0,0,0,0,0,0,0,0,0,0,0,0,0,0,0,0,0,0,0,0
Bamboo House (top),318,30,30,0,0,0,5,0,50,0,50,0,0,15,0,0,50,0,0,0,0,0,0,30,0,1,15,0,0,0,0,15,0,0,0,15,0,0,0,0,0,3,0,0,15,0,0,0,0,0,0,0,0,0,0,0,0,0,0,0,0,0,0,0,0,0,0,0
Bamboo Rocket,319,30,10,0,0,0,0,0,0,0,0,0,0,0,45,0,0,10,50,10,40,0,5,0,20,1,0,0,0,0,0,0,0,50,0,40,0,0,0,0,0,3,30,0,20,0,0,0,0,0,0,0,0,0,0,0,0,0,0,0,0,0,0,0,0,0,0,0